Filename,Rows,Columns,NonEmptyRows,NonEmptyCols,Sparsity,Avg Ones/Row,Max Ones/Row,Min Ones/Row,StdDev
74181.000.matrix,3,66,3,33,0.4545,18.00,19.00,17.00,0.82
74181.001.matrix,2,66,2,24,0.3958,14.50,15.00,14.00,0.50
74181.002.matrix,2,66,2,24,0.2917,17.00,23.00,11.00,6.00
74181.003.matrix,2,66,2,10,0.4500,5.50,10.00,1.00,4.50
74181.004.matrix,2,66,2,15,0.1667,12.50,14.00,11.00,1.50
74181.005.matrix,4,66,4,26,0.3462,17.00,20.00,15.00,1.87
74181.006.matrix,2,66,2,17,0.4706,9.00,15.00,3.00,6.00
74181.007.matrix,2,66,2,5,0.4000,3.00,3.00,3.00,0.00
74181.008.matrix,3,66,3,19,0.5965,7.67,13.00,1.00,4.99
74181.009.matrix,3,66,3,23,0.4058,13.67,17.00,11.00,2.49
74181.010.matrix,7,66,7,34,0.5630,14.86,23.00,3.00,7.94
74181.011.matrix,6,66,6,46,0.6196,17.50,26.00,11.00,4.57
74181.012.matrix,8,66,8,35,0.6857,11.00,15.00,1.00,4.09
74181.013.matrix,6,66,6,39,0.6838,12.33,19.00,2.00,5.85
74181.014.matrix,3,66,3,21,0.4762,11.00,19.00,1.00,7.48
74181.015.matrix,9,66,9,47,0.6288,17.44,25.00,11.00,4.19
74181.016.matrix,9,66,9,45,0.5605,19.78,28.00,11.00,5.39
74181.017.matrix,8,66,8,33,0.6136,12.75,17.00,11.00,2.11
74181.018.matrix,7,66,7,33,0.5801,13.86,20.00,1.00,5.99
74181.019.matrix,4,66,4,19,0.5789,8.00,12.00,1.00,4.18
74181.020.matrix,12,66,12,38,0.6250,14.25,20.00,3.00,5.07
74181.021.matrix,21,66,21,55,0.6104,21.43,31.00,2.00,6.08
74181.022.matrix,8,66,8,43,0.7151,12.25,22.00,1.00,7.08
74181.023.matrix,8,66,8,47,0.6862,14.75,26.00,1.00,6.78
74181.024.matrix,12,66,12,46,0.7391,12.00,17.00,6.00,3.24
74181.025.matrix,10,66,10,49,0.6796,15.70,25.00,2.00,6.34
74181.026.matrix,5,66,5,30,0.7067,8.80,19.00,1.00,6.76
74181.027.matrix,6,66,6,28,0.7440,7.17,12.00,1.00,4.14
74181.028.matrix,10,66,10,45,0.6244,16.90,26.00,1.00,6.80
74181.029.matrix,10,66,10,42,0.7405,10.90,17.00,1.00,4.68
74181.030.matrix,12,66,12,46,0.7446,11.75,20.00,1.00,5.69
74181.031.matrix,12,66,12,54,0.7346,14.33,23.00,1.00,6.77
74181.032.matrix,42,66,42,57,0.5923,23.24,33.00,2.00,5.81
74181.033.matrix,18,66,18,52,0.7425,13.39,22.00,1.00,4.88
74181.034.matrix,15,66,15,45,0.7096,13.07,20.00,1.00,5.63
74181.035.matrix,11,66,11,56,0.7549,13.73,26.00,1.00,6.30
74181.036.matrix,14,66,14,52,0.7335,13.86,25.00,2.00,7.35
74181.037.matrix,9,66,9,42,0.8069,8.11,19.00,1.00,5.99
74181.038.matrix,17,66,17,51,0.7566,12.41,23.00,2.00,6.72
74181.039.matrix,14,66,14,52,0.7266,14.21,25.00,2.00,6.24
74181.040.matrix,18,66,18,56,0.7024,16.67,30.00,1.00,8.78
74181.041.matrix,16,66,16,53,0.7689,12.25,20.00,1.00,5.70
74181.042.matrix,28,66,28,53,0.7399,13.79,24.00,1.00,5.03
74181.043.matrix,9,66,9,54,0.8004,10.78,15.00,4.00,3.61
74181.044.matrix,19,66,19,59,0.7458,15.00,34.00,1.00,7.93
74181.045.matrix,21,66,21,54,0.6728,17.67,31.00,1.00,7.59
74181.046.matrix,40,66,40,59,0.6110,22.95,34.00,1.00,7.04
74181.047.matrix,33,66,33,52,0.7174,14.70,24.00,2.00,6.23
74181.048.matrix,18,66,18,52,0.7436,13.33,25.00,1.00,7.12
74181.049.matrix,17,66,17,53,0.7514,13.18,25.00,1.00,6.44
74181.050.matrix,31,66,31,51,0.7027,15.16,28.00,1.00,7.59
74181.051.matrix,17,66,17,56,0.7805,12.29,26.00,1.00,6.32
74181.052.matrix,11,66,11,55,0.8182,10.00,15.00,1.00,4.35
74181.053.matrix,35,66,35,53,0.7310,14.26,26.00,1.00,6.51
74182.000.matrix,2,20,2,4,0.3750,2.50,3.00,2.00,0.50
74182.001.matrix,1,20,1,2,0.0000,2.00,2.00,2.00,0.00
74182.002.matrix,1,20,1,3,0.0000,3.00,3.00,3.00,0.00
74182.003.matrix,2,20,2,3,0.3333,2.00,2.00,2.00,0.00
74182.004.matrix,2,20,2,3,0.3333,2.00,2.00,2.00,0.00
74182.005.matrix,1,20,1,4,0.0000,4.00,4.00,4.00,0.00
74182.006.matrix,1,20,1,1,0.0000,1.00,1.00,1.00,0.00
74182.007.matrix,1,20,1,1,0.0000,1.00,1.00,1.00,0.00
74182.008.matrix,1,20,1,4,0.0000,4.00,4.00,4.00,0.00
74182.009.matrix,1,20,1,1,0.0000,1.00,1.00,1.00,0.00
74182.010.matrix,2,20,2,4,0.5000,2.00,3.00,1.00,1.00
74182.011.matrix,4,20,4,10,0.5250,4.75,6.00,2.00,1.64
74182.012.matrix,2,20,2,6,0.5000,3.00,5.00,1.00,2.00
74182.013.matrix,3,20,3,8,0.6250,3.00,5.00,2.00,1.41
74182.014.matrix,2,20,2,3,0.5000,1.50,2.00,1.00,0.50
74182.015.matrix,2,20,2,9,0.5000,4.50,5.00,4.00,0.50
74182.016.matrix,2,20,2,4,0.5000,2.00,3.00,1.00,1.00
74182.017.matrix,3,20,3,5,0.6000,2.00,2.00,2.00,0.00
74182.018.matrix,4,20,4,7,0.6429,2.50,3.00,2.00,0.50
74182.019.matrix,2,20,2,7,0.5000,3.50,4.00,3.00,0.50
74182.020.matrix,5,20,5,11,0.6364,4.00,6.00,1.00,2.10
74182.021.matrix,3,20,3,6,0.6667,2.00,3.00,1.00,0.82
74182.022.matrix,3,20,3,12,0.6667,4.00,5.00,3.00,0.82
74182.023.matrix,3,20,3,5,0.6667,1.67,2.00,1.00,0.47
74182.024.matrix,4,20,4,8,0.7188,2.25,3.00,2.00,0.43
74182.025.matrix,3,20,3,11,0.6667,3.67,5.00,1.00,1.89
74182.026.matrix,5,20,5,8,0.7250,2.20,3.00,1.00,0.75
74182.027.matrix,3,20,3,6,0.6667,2.00,3.00,1.00,0.82
74182.028.matrix,4,20,4,13,0.7308,3.50,5.00,2.00,1.50
74182.029.matrix,3,20,3,10,0.6667,3.33,5.00,1.00,1.70
74182.030.matrix,5,20,5,14,0.7857,3.00,5.00,1.00,1.67
74182.031.matrix,7,20,7,14,0.7551,3.43,6.00,1.00,1.99
74182.032.matrix,7,20,7,11,0.8052,2.14,3.00,1.00,0.64
74182.033.matrix,4,20,4,8,0.7500,2.00,3.00,1.00,0.71
74182.034.matrix,4,20,4,14,0.7500,3.50,5.00,1.00,1.50
74182.035.matrix,4,20,4,10,0.7500,2.50,5.00,1.00,1.50
74182.036.matrix,4,20,4,15,0.7500,3.75,5.00,1.00,1.64
74182.037.matrix,4,20,4,8,0.7500,2.00,3.00,1.00,0.71
74182.038.matrix,5,20,5,9,0.7778,2.00,3.00,1.00,0.63
74182.039.matrix,4,20,4,13,0.7500,3.25,5.00,1.00,1.48
74182.040.matrix,5,20,5,19,0.8000,3.80,5.00,1.00,1.47
74182.041.matrix,5,20,5,18,0.8000,3.60,5.00,1.00,1.50
74182.042.matrix,5,20,5,18,0.8000,3.60,5.00,1.00,1.50
74182.043.matrix,5,20,5,13,0.8000,2.60,5.00,1.00,1.36
74182.044.matrix,5,20,5,18,0.8000,3.60,5.00,1.00,1.50
74182.045.matrix,8,20,8,16,0.8438,2.50,5.00,1.00,1.12
74182.046.matrix,6,20,6,14,0.8214,2.50,5.00,1.00,1.26
74182.047.matrix,5,20,5,13,0.8000,2.60,5.00,1.00,1.36
74182.048.matrix,6,20,6,11,0.8182,2.00,3.00,1.00,0.58
74182.049.matrix,7,20,7,18,0.8413,2.86,5.00,1.00,1.46
74283.000.matrix,5,37,5,28,0.5143,13.60,19.00,10.00,3.01
74283.001.matrix,4,37,4,24,0.4792,12.50,15.00,8.00,2.69
74283.002.matrix,4,37,4,23,0.4565,12.50,14.00,8.00,2.60
74283.003.matrix,4,37,4,18,0.3611,11.50,13.00,9.00,1.50
74283.004.matrix,3,37,3,12,0.2222,9.33,11.00,7.00,1.70
74283.005.matrix,3,37,3,13,0.2308,10.00,12.00,7.00,2.16
74283.006.matrix,6,37,6,20,0.3000,14.00,16.00,13.00,1.15
74283.007.matrix,3,37,3,17,0.4314,9.67,13.00,7.00,2.49
74283.008.matrix,3,37,3,16,0.2708,11.67,13.00,10.00,1.25
74283.009.matrix,3,37,3,15,0.2222,11.67,14.00,7.00,3.30
74283.010.matrix,9,37,9,31,0.6595,10.56,15.00,7.00,2.75
74283.011.matrix,9,37,9,28,0.5317,13.11,18.00,5.00,4.25
74283.012.matrix,9,37,9,28,0.5556,12.44,20.00,7.00,3.59
74283.013.matrix,7,37,7,31,0.5622,13.57,20.00,6.00,4.81
74283.014.matrix,18,37,18,31,0.5430,14.17,23.00,9.00,3.30
74283.015.matrix,9,37,9,33,0.6330,12.11,18.00,8.00,2.81
74283.016.matrix,15,37,15,30,0.4822,15.53,20.00,7.00,3.50
74283.017.matrix,10,37,10,31,0.6065,12.20,17.00,7.00,2.60
74283.018.matrix,8,37,8,27,0.5648,11.75,19.00,6.00,4.15
74283.019.matrix,12,37,12,35,0.5786,14.75,21.00,7.00,3.61
74283.020.matrix,17,37,17,36,0.6307,13.29,20.00,6.00,4.20
74283.021.matrix,12,37,12,33,0.6641,11.08,19.00,5.00,3.90
74283.022.matrix,50,37,50,36,0.5533,16.08,25.00,7.00,3.93
74283.023.matrix,21,37,21,33,0.5671,14.29,20.00,2.00,4.51
74283.024.matrix,21,37,21,35,0.5741,14.90,22.00,5.00,4.25
74283.025.matrix,13,37,13,33,0.6294,12.23,18.00,5.00,4.35
74283.026.matrix,36,37,36,36,0.6173,13.78,24.00,7.00,2.62
74283.027.matrix,35,37,35,36,0.5937,14.63,23.00,5.00,3.36
74283.028.matrix,27,37,27,35,0.5513,15.70,24.00,7.00,4.81
74283.029.matrix,15,37,15,34,0.6804,10.87,16.00,7.00,2.65
74L85.000.matrix,2,33,2,8,0.3750,5.00,7.00,3.00,2.00
74L85.001.matrix,4,33,4,19,0.3289,12.75,17.00,11.00,2.49
74L85.002.matrix,4,33,4,16,0.4063,9.50,13.00,8.00,2.06
74L85.003.matrix,2,33,2,7,0.4286,4.00,4.00,4.00,0.00
74L85.004.matrix,4,33,4,21,0.3810,13.00,18.00,11.00,2.92
74L85.005.matrix,1,33,1,1,0.0000,1.00,1.00,1.00,0.00
74L85.006.matrix,1,33,1,7,0.0000,7.00,7.00,7.00,0.00
74L85.007.matrix,2,33,2,10,0.0500,9.50,10.00,9.00,0.50
74L85.008.matrix,3,33,3,13,0.2564,9.67,10.00,9.00,0.47
74L85.009.matrix,2,33,2,7,0.4286,4.00,4.00,4.00,0.00
74L85.010.matrix,5,33,5,25,0.6080,9.80,23.00,4.00,7.00
74L85.011.matrix,4,33,4,12,0.3958,7.25,10.00,1.00,3.70
74L85.012.matrix,5,33,5,22,0.5182,10.60,18.00,1.00,5.46
74L85.013.matrix,4,33,4,15,0.7000,4.50,7.00,3.00,1.50
74L85.014.matrix,6,33,6,21,0.5317,9.83,16.00,4.00,3.48
74L85.015.matrix,6,33,6,20,0.6167,7.67,13.00,4.00,3.09
74L85.016.matrix,2,33,2,14,0.5000,7.00,7.00,7.00,0.00
74L85.017.matrix,5,33,5,20,0.4800,10.40,17.00,1.00,5.20
74L85.018.matrix,5,33,5,15,0.4933,7.60,10.00,4.00,2.58
74L85.019.matrix,3,33,3,11,0.3939,6.67,10.00,1.00,4.03
74L85.020.matrix,7,33,7,19,0.7218,5.29,9.00,3.00,2.19
74L85.021.matrix,4,33,4,15,0.7167,4.25,7.00,1.00,2.38
74L85.022.matrix,9,33,9,26,0.6581,8.89,16.00,3.00,4.61
74L85.023.matrix,9,33,9,26,0.6966,7.89,20.00,3.00,5.04
74L85.024.matrix,3,33,3,15,0.6667,5.00,7.00,1.00,2.83
74L85.025.matrix,6,33,6,23,0.7174,6.50,12.00,3.00,3.20
74L85.026.matrix,9,33,9,25,0.5156,12.11,19.00,1.00,5.63
74L85.027.matrix,5,33,5,14,0.5429,6.40,10.00,1.00,3.72
c1355.000.matrix,4,547,4,152,0.6908,47.00,50.00,45.00,1.87
c1355.001.matrix,2,547,2,57,0.4561,31.00,46.00,16.00,15.00
c1355.002.matrix,2,547,2,56,0.4554,30.50,45.00,16.00,14.50
c1355.003.matrix,4,547,4,152,0.6908,47.00,50.00,45.00,1.87
c1355.004.matrix,3,547,3,115,0.5797,48.33,50.00,46.00,1.70
c1355.005.matrix,2,547,2,86,0.4709,45.50,46.00,45.00,0.50
c1355.008.matrix,2,547,2,86,0.4709,45.50,47.00,44.00,1.50
c1355.009.matrix,2,547,2,88,0.4716,46.50,47.00,46.00,0.50
c1355.010.matrix,6,547,6,174,0.7232,48.17,83.00,13.00,20.28
c1355.011.matrix,7,547,7,109,0.7261,29.86,48.00,16.00,13.82
c1355.012.matrix,6,547,6,158,0.6973,47.83,68.00,13.00,18.43
c1355.013.matrix,5,547,5,109,0.6881,34.00,49.00,13.00,15.99
c1355.014.matrix,7,547,7,180,0.7365,47.43,79.00,12.00,18.02
c1355.015.matrix,5,547,5,130,0.6954,39.60,49.00,12.00,13.92
c1355.018.matrix,5,547,5,138,0.6623,46.60,50.00,44.00,2.06
c1355.019.matrix,5,547,5,168,0.7619,40.00,50.00,12.00,14.10
c1355.020.matrix,5,547,5,157,0.7478,39.60,46.00,16.00,11.81
c1355.021.matrix,16,547,16,240,0.7620,57.13,80.00,12.00,16.80
c1355.022.matrix,8,547,8,165,0.7462,41.88,46.00,15.00,10.17
c1355.023.matrix,10,547,10,228,0.8408,36.30,47.00,12.00,14.85
c1355.025.matrix,7,547,7,162,0.7937,33.43,49.00,13.00,14.98
c1355.028.matrix,7,547,7,231,0.7693,53.29,85.00,45.00,13.36
c1355.029.matrix,11,547,11,241,0.8265,41.82,68.00,12.00,18.53
c1355.030.matrix,5,547,5,171,0.7228,47.40,51.00,46.00,1.85
c1355.031.matrix,5,547,5,186,0.7516,46.20,47.00,45.00,0.75
c1355.032.matrix,9,547,9,186,0.7820,40.56,83.00,13.00,19.87
c1355.033.matrix,15,547,15,253,0.8793,30.53,49.00,12.00,14.95
c1355.034.matrix,21,547,21,302,0.8354,49.71,143.00,13.00,32.51
c1355.038.matrix,15,547,15,267,0.8577,38.00,79.00,12.00,19.70
c1355.039.matrix,5,547,5,162,0.7074,47.40,50.00,45.00,1.85
c1355.040.matrix,25,547,25,320,0.8534,46.92,143.00,13.00,31.17
c1355.041.matrix,25,547,25,313,0.8688,41.08,157.00,12.00,35.84
c1355.042.matrix,9,547,9,235,0.8151,43.44,50.00,12.00,11.23
c1355.043.matrix,11,547,11,237,0.8347,39.18,50.00,15.00,13.95
c1355.045.matrix,6,547,6,184,0.7473,46.50,50.00,44.00,1.89
c1355.048.matrix,10,547,10,226,0.8049,44.10,51.00,13.00,10.48
c1355.049.matrix,19,547,19,210,0.8799,25.21,49.00,12.00,14.36
c1355.050.matrix,17,547,17,260,0.8620,35.88,50.00,12.00,15.37
c1355.052.matrix,20,547,20,213,0.8704,27.60,83.00,12.00,18.71
c1355.053.matrix,28,547,28,301,0.8605,42.00,83.00,12.00,20.32
c1355.054.matrix,22,547,22,321,0.8724,40.95,111.00,12.00,23.75
c1355.058.matrix,11,547,11,239,0.8307,40.45,50.00,12.00,12.82
c1355.059.matrix,15,547,15,288,0.8493,43.40,91.00,12.00,18.81
c1355.060.matrix,21,547,21,287,0.8376,46.62,76.00,12.00,17.18
c1355.061.matrix,21,547,21,288,0.8636,39.29,54.00,12.00,15.38
c1355.064.matrix,23,547,23,247,0.8958,25.74,49.00,12.00,14.85
c1355.065.matrix,30,547,30,308,0.8755,38.33,83.00,12.00,22.01
c1355.068.matrix,22,547,22,310,0.8828,36.32,85.00,12.00,19.33
c1355.069.matrix,23,547,23,236,0.8856,27.00,83.00,12.00,18.34
c1355.070.matrix,22,547,22,320,0.8908,34.95,85.00,12.00,19.39
c1355.071.matrix,24,547,24,315,0.8813,37.38,53.00,12.00,15.78
c1355.072.matrix,47,547,47,345,0.8329,57.64,157.00,12.00,32.26
c1355.073.matrix,29,547,29,271,0.8011,53.90,83.00,12.00,23.38
c1355.074.matrix,37,547,37,331,0.8908,36.14,83.00,12.00,19.68
c1355.075.matrix,32,547,32,290,0.8776,35.50,114.00,12.00,25.79
c1355.078.matrix,26,547,26,242,0.8878,27.15,83.00,12.00,18.03
c1355.080.matrix,31,547,31,333,0.8945,35.13,85.00,12.00,18.24
c1355.081.matrix,43,547,43,301,0.8907,32.91,114.00,12.00,23.82
c1355.083.matrix,30,547,30,309,0.8859,35.27,54.00,12.00,16.34
c1355.084.matrix,35,547,35,334,0.8934,35.60,114.00,12.00,21.62
c1355.085.matrix,44,547,44,343,0.8677,45.39,83.00,12.00,23.97
c1355.090.matrix,33,547,33,321,0.9120,28.24,85.00,12.00,17.93
c1355.091.matrix,36,547,36,340,0.8889,37.78,131.00,12.00,22.83
c1355.093.matrix,57,547,57,335,0.8417,53.02,161.00,12.00,35.45
c1355.094.matrix,52,547,52,360,0.8823,42.38,83.00,12.00,24.17
c1355.095.matrix,31,547,31,331,0.8842,38.32,114.00,12.00,25.29
c1355.098.matrix,33,547,33,354,0.9008,35.12,114.00,12.00,23.36
c1355.099.matrix,30,547,30,277,0.8729,35.20,72.00,12.00,17.92
c1355.100.matrix,35,547,35,323,0.9008,32.06,77.00,12.00,18.31
c1355.102.matrix,45,547,45,350,0.9077,32.29,84.00,12.00,19.86
c1355.103.matrix,100,547,100,376,0.8234,66.41,122.00,12.00,35.33
c1355.108.matrix,60,547,60,377,0.8983,38.35,83.00,12.00,23.94
c1355.109.matrix,45,547,45,344,0.9168,28.62,131.00,12.00,24.32
c1355.111.matrix,54,547,54,362,0.9031,35.07,161.00,12.00,31.82
c1355.113.matrix,84,547,84,390,0.8922,42.06,105.00,12.00,30.84
c1355.114.matrix,45,547,45,369,0.8968,38.09,114.00,12.00,28.33
c1355.118.matrix,48,547,48,370,0.9242,28.04,143.00,12.00,23.62
c1355.120.matrix,55,547,55,377,0.9231,28.98,143.00,12.00,23.00
c1355.121.matrix,59,547,59,370,0.9134,32.03,112.00,12.00,22.05
c1355.122.matrix,65,547,65,334,0.9058,31.45,114.00,12.00,24.65
c1355.123.matrix,67,547,67,368,0.9175,30.37,129.00,12.00,22.10
c1355.124.matrix,87,547,87,408,0.9263,30.06,84.00,12.00,19.66
c1355.125.matrix,72,547,72,376,0.9252,28.11,132.00,12.00,21.98
c1355.128.matrix,63,547,63,379,0.9130,32.98,84.00,12.00,20.97
c1355.129.matrix,59,547,59,370,0.9169,30.73,143.00,12.00,28.28
c1355.130.matrix,67,547,67,373,0.9145,31.88,114.00,12.00,20.68
c1355.132.matrix,94,547,94,400,0.9219,31.22,143.00,12.00,24.33
c1355.133.matrix,75,547,75,394,0.9188,32.00,84.00,12.00,20.15
c1355.135.matrix,67,547,67,381,0.9110,33.93,114.00,12.00,26.37
c1355.138.matrix,57,547,57,350,0.9063,32.79,161.00,12.00,28.37
c1355.139.matrix,57,547,57,395,0.9150,33.56,112.00,12.00,23.52
c1355.140.matrix,94,547,94,415,0.9297,29.16,131.00,12.00,21.50
c1355.142.matrix,47,547,47,345,0.9209,27.30,50.00,12.00,16.12
c1355.145.matrix,96,547,96,407,0.9118,35.92,87.00,12.00,23.55
c1355.149.matrix,108,547,108,409,0.9086,37.39,143.00,12.00,29.78
c1355.150.matrix,91,547,91,407,0.9280,29.32,132.00,12.00,25.10
c1355.151.matrix,123,547,123,411,0.8924,44.21,107.00,12.00,30.02
c1355.153.matrix,111,547,111,427,0.9195,34.38,113.00,12.00,30.21
c1908.000.matrix,2,881,2,15,0.3333,10.00,10.00,10.00,0.00
c1908.001.matrix,2,881,2,20,0.3750,12.50,15.00,10.00,2.50
c1908.002.matrix,2,881,2,23,0.3913,14.00,20.00,8.00,6.00
c1908.003.matrix,19,881,19,379,0.6810,120.89,154.00,74.00,24.05
c1908.004.matrix,9,881,9,374,0.6604,127.00,143.00,83.00,18.61
c1908.005.matrix,2,881,2,55,0.4545,30.00,50.00,10.00,20.00
c1908.008.matrix,16,881,16,339,0.6689,112.25,142.00,76.00,22.94
c1908.009.matrix,3,881,3,83,0.6225,31.33,60.00,12.00,20.68
c1908.010.matrix,17,881,17,394,0.6839,124.53,156.00,10.00,44.01
c1908.011.matrix,57,881,57,526,0.7257,144.28,202.00,62.00,31.90
c1908.012.matrix,18,881,18,408,0.7621,97.06,160.00,10.00,49.52
c1908.013.matrix,13,881,13,299,0.6529,103.77,138.00,8.00,40.84
c1908.014.matrix,14,881,14,461,0.7908,96.43,260.00,12.00,54.59
c1908.015.matrix,19,881,19,260,0.6148,100.16,150.00,10.00,44.32
c1908.018.matrix,6,881,6,39,0.6496,13.67,17.00,10.00,2.43
c1908.019.matrix,5,881,5,28,0.6286,10.40,11.00,10.00,0.49
c1908.020.matrix,8,881,8,49,0.7270,13.38,17.00,10.00,2.50
c1908.021.matrix,21,881,21,425,0.7547,104.24,156.00,10.00,57.67
c1908.022.matrix,9,881,9,44,0.7525,10.89,17.00,8.00,2.73
c1908.023.matrix,15,881,15,401,0.8254,70.00,132.00,10.00,45.24
c1908.024.matrix,54,881,54,473,0.7169,133.93,201.00,10.00,44.46
c1908.025.matrix,16,881,16,312,0.7234,86.31,138.00,8.00,51.73
c1908.028.matrix,22,881,22,367,0.7726,83.45,142.00,8.00,47.19
c1908.029.matrix,22,881,22,498,0.8100,94.64,180.00,15.00,44.96
c1908.030.matrix,25,881,25,395,0.8076,76.00,142.00,8.00,48.65
c1908.031.matrix,54,881,54,537,0.7656,125.85,212.00,15.00,45.56
c1908.032.matrix,10,881,10,221,0.8706,28.60,102.00,4.00,29.70
c1908.033.matrix,83,881,83,501,0.7310,134.75,204.00,10.00,55.15
c1908.034.matrix,20,881,20,474,0.8333,79.00,261.00,12.00,55.10
c1908.035.matrix,17,881,17,319,0.7632,75.53,138.00,8.00,54.84
c1908.038.matrix,14,881,14,72,0.8135,13.43,20.00,10.00,2.92
c1908.039.matrix,14,881,14,57,0.8058,11.07,14.00,8.00,1.75
c1908.040.matrix,96,881,96,528,0.7508,131.58,204.00,10.00,59.18
c1908.041.matrix,26,881,26,445,0.8519,65.88,160.00,10.00,55.29
c1908.042.matrix,27,881,27,409,0.8148,75.74,156.00,10.00,61.56
c1908.043.matrix,34,881,34,542,0.8238,95.50,212.00,14.00,59.46
c1908.044.matrix,35,881,35,421,0.8637,57.40,154.00,8.00,55.55
c1908.045.matrix,19,881,19,240,0.8531,35.26,106.00,4.00,33.74
c1908.048.matrix,23,881,23,377,0.8545,54.87,136.00,8.00,49.50
c1908.049.matrix,19,881,19,293,0.8644,39.74,104.00,12.00,30.62
c1908.050.matrix,34,881,34,401,0.8766,49.47,141.00,10.00,46.86
c1908.051.matrix,19,881,19,308,0.9045,29.42,106.00,4.00,28.32
c1908.052.matrix,60,881,60,526,0.8401,84.10,201.00,8.00,57.15
c1908.053.matrix,70,881,70,544,0.8020,107.71,207.00,10.00,64.65
c1908.054.matrix,33,881,33,513,0.9193,41.39,132.00,10.00,40.11
c1908.055.matrix,65,881,65,598,0.8132,111.68,202.00,14.00,48.60
c1908.058.matrix,29,881,29,232,0.8264,40.28,98.00,12.00,30.60
c1908.059.matrix,40,881,40,450,0.8921,48.55,154.00,8.00,53.72
c1908.060.matrix,68,881,68,580,0.8630,79.49,217.00,10.00,58.81
c1908.061.matrix,51,881,51,590,0.9091,53.61,139.00,8.00,44.26
c1908.062.matrix,50,881,50,603,0.9148,51.40,191.00,8.00,46.64
c1908.063.matrix,30,881,30,177,0.9066,16.53,54.00,4.00,10.55
c1908.064.matrix,36,881,36,427,0.9077,39.42,153.00,8.00,47.95
c1908.065.matrix,71,881,71,620,0.8350,102.31,202.00,12.00,52.63
c1908.068.matrix,24,881,24,328,0.8966,33.92,106.00,4.00,29.74
c1908.069.matrix,59,881,59,584,0.8986,59.22,147.00,10.00,50.85
c1908.070.matrix,89,881,89,661,0.8658,88.72,202.00,12.00,55.69
c1908.071.matrix,65,881,65,619,0.9201,49.48,191.00,8.00,46.89
c1908.072.matrix,22,881,22,169,0.8948,17.77,54.00,4.00,12.61
c1908.073.matrix,48,881,48,445,0.9176,36.67,153.00,8.00,43.93
c1908.074.matrix,37,881,37,415,0.9031,40.22,97.00,12.00,29.81
c1908.075.matrix,42,881,42,372,0.9351,24.14,96.00,10.00,21.53
c1908.078.matrix,60,881,60,565,0.9200,45.20,166.00,10.00,44.86
c1908.079.matrix,102,881,102,597,0.8287,102.25,208.00,10.00,70.69
c1908.080.matrix,84,881,84,569,0.8830,66.56,196.00,10.00,68.30
c1908.081.matrix,61,881,61,446,0.9345,29.21,154.00,8.00,39.20
c1908.082.matrix,76,881,76,610,0.9032,59.07,150.00,8.00,47.75
c1908.083.matrix,50,881,50,403,0.9239,30.68,103.00,4.00,31.31
c1908.084.matrix,66,881,66,550,0.9397,33.17,132.00,8.00,34.37
c1908.085.matrix,36,881,36,369,0.9303,25.72,121.00,8.00,26.19
c1908.088.matrix,95,881,95,645,0.8842,74.68,202.00,14.00,56.13
c1908.089.matrix,32,881,32,398,0.8722,50.88,138.00,8.00,49.32
c1908.090.matrix,76,881,76,610,0.9256,45.38,217.00,10.00,44.62
c1908.091.matrix,81,881,81,498,0.9456,27.11,154.00,8.00,34.26
c1908.092.matrix,93,881,93,561,0.9171,46.49,197.00,10.00,58.28
c1908.093.matrix,58,881,58,493,0.9126,43.07,141.00,10.00,41.83
c1908.094.matrix,82,881,82,518,0.9557,22.96,132.00,8.00,26.42
c1908.095.matrix,66,881,66,459,0.9319,31.27,114.00,4.00,30.99
c1908.098.matrix,42,881,42,195,0.9136,16.86,54.00,4.00,9.54
c1908.099.matrix,54,881,54,610,0.9303,42.52,125.00,8.00,36.41
c1908.100.matrix,88,881,88,570,0.9341,37.55,175.00,8.00,39.12
c1908.101.matrix,71,881,71,647,0.9427,37.08,125.00,8.00,32.03
c1908.102.matrix,86,881,86,549,0.9454,29.95,141.00,10.00,29.42
c1908.103.matrix,94,881,94,633,0.9333,42.21,363.00,12.00,56.23
c1908.104.matrix,69,881,69,572,0.9415,33.45,135.00,10.00,33.23
c1908.105.matrix,74,881,74,544,0.9342,35.81,110.00,10.00,30.10
c1908.108.matrix,64,881,64,533,0.9463,28.63,129.00,8.00,27.84
c1908.109.matrix,82,881,82,455,0.9514,22.12,149.00,10.00,27.23
c1908.110.matrix,110,881,110,617,0.9443,34.35,362.00,12.00,41.46
c1908.111.matrix,92,881,92,534,0.9560,23.50,130.00,8.00,26.54
c1908.112.matrix,63,881,63,505,0.9218,39.48,141.00,10.00,41.55
c1908.113.matrix,60,881,60,554,0.9473,29.20,129.00,8.00,27.25
c1908.114.matrix,93,881,93,445,0.9529,20.95,112.00,10.00,16.94
c1908.115.matrix,78,881,78,393,0.9489,20.06,131.00,10.00,21.20
c1908.118.matrix,91,881,91,521,0.9504,25.84,135.00,10.00,24.75
c1908.119.matrix,79,881,79,416,0.9349,27.09,103.00,4.00,26.01
c1908.120.matrix,94,881,94,436,0.9445,24.18,112.00,10.00,21.09
c1908.121.matrix,75,881,75,392,0.9502,19.53,126.00,8.00,19.33
c1908.122.matrix,94,880,94,494,0.9316,33.80,136.00,4.00,34.62
c1908.123.matrix,71,880,71,525,0.9465,28.10,146.00,8.00,25.37
c1908.124.matrix,68,880,68,590,0.9228,45.54,141.00,12.00,37.69
c1908.125.matrix,79,880,79,563,0.9475,29.56,175.00,8.00,32.50
c1908.128.matrix,53,880,53,314,0.9432,17.85,102.00,4.00,14.96
c1908.129.matrix,74,880,74,482,0.9342,31.73,147.00,10.00,31.50
c1908.130.matrix,78,880,78,549,0.9512,26.77,105.00,10.00,21.89
c1908.131.matrix,72,880,72,545,0.9520,26.15,118.00,8.00,24.90
c1908.132.matrix,66,880,66,557,0.9441,31.15,137.00,10.00,30.04
c1908.133.matrix,118,880,118,486,0.9541,22.30,116.00,12.00,18.33
c1908.134.matrix,95,880,95,612,0.9285,43.78,362.00,12.00,48.02
c1908.135.matrix,100,880,100,408,0.9540,18.77,126.00,8.00,16.69
c1908.138.matrix,70,880,70,494,0.9410,29.16,132.00,4.00,30.23
c1908.139.matrix,99,880,99,617,0.9432,35.04,170.00,8.00,41.35
c1908.140.matrix,77,880,77,532,0.9466,28.42,137.00,10.00,24.37
c1908.142.matrix,74,880,74,530,0.9541,24.35,99.00,8.00,21.05
c1908.143.matrix,108,880,108,487,0.9490,24.83,140.00,8.00,29.80
c1908.144.matrix,94,880,94,343,0.9475,18.00,102.00,4.00,11.63
c1908.145.matrix,127,880,127,600,0.9498,30.14,118.00,12.00,24.56
c1908.148.matrix,99,880,99,564,0.9459,30.48,127.00,4.00,28.43
c1908.149.matrix,53,880,53,382,0.9471,20.23,84.00,8.00,17.02
c1908.150.matrix,109,880,109,556,0.9537,25.73,129.00,10.00,23.22
c1908.151.matrix,68,880,68,354,0.9470,18.78,84.00,8.00,14.67
c1908.152.matrix,94,880,94,466,0.9535,21.65,94.00,4.00,16.72
c1908.153.matrix,106,880,106,358,0.9328,24.07,74.00,13.00,13.26
c1908.154.matrix,75,880,75,420,0.9510,20.56,89.00,8.00,17.85
c1908.155.matrix,84,880,84,518,0.9499,25.95,129.00,10.00,23.99
c1908.158.matrix,67,880,67,393,0.9552,17.61,84.00,8.00,15.25
c1908.159.matrix,68,880,68,559,0.9508,27.53,119.00,4.00,25.07
c2670.000.matrix,1,1194,1,1,0.0000,1.00,1.00,1.00,0.00
c2670.001.matrix,1,1194,1,1,0.0000,1.00,1.00,1.00,0.00
c2670.002.matrix,11,1194,11,245,0.6189,93.36,149.00,65.00,30.56
c2670.003.matrix,4,1194,4,80,0.7125,23.00,67.00,6.00,25.45
c2670.004.matrix,1,1194,1,1,0.0000,1.00,1.00,1.00,0.00
c2670.005.matrix,16,1194,16,319,0.6285,118.50,169.00,54.00,42.89
c2670.008.matrix,1,1194,1,1,0.0000,1.00,1.00,1.00,0.00
c2670.009.matrix,7,1194,7,98,0.5306,46.00,84.00,29.00,23.44
c2670.010.matrix,3,1194,3,4,0.5833,1.67,2.00,1.00,0.47
c2670.011.matrix,9,1194,9,96,0.6204,36.44,84.00,2.00,27.33
c2670.012.matrix,14,1194,14,249,0.6810,79.43,149.00,2.00,40.77
c2670.013.matrix,3,1194,3,84,0.6587,28.67,81.00,1.00,37.03
c2670.014.matrix,3,1194,3,11,0.6061,4.33,7.00,3.00,1.89
c2670.015.matrix,18,1194,18,322,0.6722,105.56,169.00,2.00,54.55
c2670.018.matrix,3,1194,3,9,0.5926,3.67,7.00,1.00,2.49
c2670.019.matrix,2,1194,2,2,0.5000,1.00,1.00,1.00,0.00
c2670.020.matrix,5,1194,5,22,0.7727,5.00,10.00,2.00,3.03
c2670.021.matrix,12,1194,12,104,0.7244,28.67,84.00,2.00,27.27
c2670.022.matrix,6,1194,6,122,0.8169,22.33,67.00,1.00,23.79
c2670.023.matrix,5,1194,5,20,0.7800,4.40,11.00,2.00,3.50
c2670.024.matrix,4,1194,4,6,0.7083,1.75,2.00,1.00,0.43
c2670.025.matrix,15,1194,15,250,0.7032,74.20,149.00,1.00,43.98
c2670.028.matrix,6,1194,6,26,0.7564,6.33,10.00,1.00,3.25
c2670.029.matrix,3,1194,3,45,0.6667,15.00,43.00,1.00,19.80
c2670.030.matrix,5,1194,5,86,0.7953,17.60,81.00,1.00,31.72
c2670.031.matrix,19,1194,19,333,0.7040,98.58,170.00,2.00,59.55
c2670.032.matrix,6,1194,6,13,0.8077,2.50,7.00,1.00,2.06
c2670.033.matrix,5,1194,5,51,0.7961,10.40,43.00,1.00,16.37
c2670.034.matrix,9,1194,9,131,0.8516,19.44,65.00,1.00,19.22
c2670.035.matrix,6,1194,6,24,0.8125,4.50,10.00,2.00,2.99
c2670.038.matrix,7,1194,7,28,0.7959,5.71,10.00,1.00,3.37
c2670.039.matrix,6,1194,6,10,0.8000,2.00,3.00,1.00,0.58
c2670.040.matrix,7,1194,7,11,0.8312,1.86,3.00,1.00,0.64
c2670.041.matrix,6,1194,6,52,0.8301,8.83,43.00,1.00,15.35
c2670.042.matrix,8,1194,8,99,0.8687,13.00,81.00,1.00,25.79
c2670.043.matrix,11,1194,11,75,0.8836,8.73,35.00,1.00,8.78
c2670.044.matrix,7,1194,7,25,0.8400,4.00,10.00,1.00,3.02
c2670.045.matrix,16,1194,16,110,0.7847,23.69,84.00,1.00,25.48
c2670.048.matrix,8,1194,8,21,0.8571,3.00,7.00,1.00,2.35
c2670.049.matrix,18,1194,18,255,0.7549,62.50,149.00,1.00,47.94
c2670.050.matrix,11,1194,11,75,0.8836,8.73,35.00,1.00,8.78
c2670.051.matrix,12,1194,12,143,0.8846,16.50,65.00,1.00,17.52
c2670.052.matrix,12,1194,12,98,0.8920,10.58,70.00,1.00,18.34
c2670.053.matrix,21,1194,21,269,0.7966,54.71,149.00,1.00,48.31
c2670.054.matrix,9,1194,9,101,0.8834,11.78,81.00,1.00,24.56
c2670.055.matrix,8,1194,8,52,0.8702,6.75,41.00,1.00,12.96
c2670.058.matrix,24,1194,24,368,0.7930,76.17,170.00,2.00,62.32
c2670.059.matrix,7,1194,7,54,0.8545,7.86,43.00,1.00,14.41
c2670.060.matrix,14,1194,14,139,0.9126,12.14,64.00,1.00,16.42
c2670.061.matrix,11,1194,11,76,0.9031,7.36,43.00,1.00,11.76
c2670.062.matrix,9,1194,9,53,0.8847,6.11,41.00,1.00,12.35
c2670.063.matrix,13,1194,13,72,0.8900,7.92,35.00,1.00,8.55
c2670.064.matrix,11,1194,11,107,0.9040,10.27,81.00,1.00,22.45
c2670.065.matrix,8,1194,8,55,0.8727,7.00,43.00,1.00,13.67
c2670.068.matrix,17,1194,17,221,0.9018,21.71,91.00,1.00,25.59
c2670.069.matrix,25,1194,25,370,0.8022,73.20,170.00,2.00,62.77
c2670.070.matrix,10,1194,10,58,0.8966,6.00,43.00,1.00,12.39
c2670.071.matrix,19,1194,19,159,0.9004,15.84,72.00,1.00,19.29
c2670.072.matrix,20,1194,20,119,0.8361,19.50,84.00,1.00,24.30
c2670.073.matrix,11,1194,11,107,0.9040,10.27,81.00,1.00,22.45
c2670.074.matrix,14,1194,14,105,0.9068,9.79,70.00,1.00,17.13
c2670.075.matrix,12,1194,12,70,0.9012,6.92,41.00,1.00,10.83
c2670.078.matrix,13,1194,13,75,0.8800,9.00,30.00,1.00,9.32
c2670.079.matrix,12,1194,12,78,0.9113,6.92,43.00,1.00,11.35
c2670.080.matrix,28,1194,28,376,0.8252,65.71,170.00,1.00,63.13
c2670.081.matrix,14,1194,14,180,0.8972,18.50,81.00,1.00,28.78
c2670.082.matrix,13,1194,13,71,0.9090,6.46,41.00,1.00,10.52
c2670.083.matrix,13,1194,13,70,0.9176,5.77,43.00,1.00,10.89
c2670.084.matrix,21,1194,21,163,0.9106,14.57,72.00,1.00,18.76
c2670.085.matrix,21,1194,21,121,0.8457,18.67,84.00,1.00,24.00
c2670.088.matrix,14,1194,14,88,0.9229,6.79,43.00,1.00,10.58
c2670.089.matrix,19,1194,19,232,0.9131,20.16,91.00,1.00,24.68
c2670.090.matrix,15,1194,15,155,0.9299,10.87,86.00,1.00,22.51
c2670.091.matrix,16,1194,16,107,0.9188,8.69,70.00,1.00,16.28
c2670.092.matrix,21,1194,21,163,0.9106,14.57,72.00,1.00,18.76
c2670.094.matrix,16,1194,16,110,0.9131,9.56,31.00,1.00,10.29
c2670.095.matrix,14,1194,14,75,0.9162,6.29,41.00,1.00,10.16
c2670.098.matrix,14,1194,14,88,0.9229,6.79,43.00,1.00,10.58
c2670.099.matrix,15,1194,15,181,0.9042,17.33,81.00,1.00,28.15
c2670.100.matrix,15,1194,15,77,0.9221,6.00,41.00,1.00,9.87
c2670.101.matrix,30,1194,30,382,0.8384,61.73,170.00,1.00,62.79
c2670.102.matrix,21,1194,21,236,0.9219,18.43,91.00,1.00,24.07
c2670.103.matrix,20,1194,20,269,0.8879,30.15,92.00,1.00,38.71
c2670.104.matrix,23,1194,23,222,0.8504,33.22,92.00,1.00,39.62
c2670.105.matrix,27,1194,27,146,0.8792,17.63,84.00,1.00,21.45
c2670.108.matrix,22,1194,22,164,0.9149,13.95,72.00,1.00,18.55
c2670.109.matrix,33,1194,33,344,0.8813,40.82,149.00,1.00,45.18
c2670.110.matrix,30,1194,30,382,0.8384,61.73,170.00,1.00,62.79
c2670.112.matrix,17,1194,17,183,0.9158,15.41,81.00,1.00,26.96
c2670.113.matrix,19,1194,19,165,0.9356,10.63,83.00,1.00,19.26
c2670.114.matrix,26,1194,26,423,0.8912,46.04,135.00,1.00,42.83
c2670.115.matrix,23,1194,23,165,0.9188,13.39,72.00,1.00,18.33
c2670.118.matrix,35,1194,35,348,0.8886,38.77,149.00,1.00,44.65
c2670.120.matrix,25,1194,25,266,0.8785,32.32,92.00,1.00,38.59
c2670.121.matrix,20,1194,20,167,0.9389,10.20,83.00,1.00,18.86
c2670.122.matrix,27,1194,27,425,0.8955,44.41,135.00,1.00,42.85
c2670.124.matrix,33,1194,33,332,0.9092,30.15,149.00,1.00,40.53
c2670.125.matrix,17,1194,17,97,0.9351,6.29,43.00,1.00,9.74
c2670.128.matrix,26,1194,26,157,0.9334,10.46,45.00,1.00,10.36
c2670.129.matrix,25,1194,25,180,0.9280,12.96,72.00,1.00,17.72
c2670.130.matrix,22,1194,22,203,0.9469,10.77,80.00,1.00,17.63
c2670.131.matrix,20,1194,20,167,0.9389,10.20,83.00,1.00,18.86
c2670.132.matrix,33,1194,33,363,0.8810,43.21,218.00,1.00,59.91
c2670.133.matrix,28,1194,28,227,0.9397,13.68,74.00,1.00,20.75
c2670.134.matrix,27,1194,27,191,0.9345,12.52,72.00,1.00,17.18
c2670.135.matrix,35,1194,35,403,0.8663,53.89,171.00,1.00,61.73
c2670.138.matrix,19,1194,19,185,0.9249,13.89,81.00,1.00,25.88
c2670.140.matrix,19,1194,19,185,0.9249,13.89,81.00,1.00,25.88
c2670.142.matrix,35,1194,35,367,0.8864,41.69,218.00,1.00,58.60
c2670.144.matrix,22,1194,22,177,0.9438,9.95,76.00,1.00,16.89
c2670.145.matrix,27,1194,27,369,0.8872,41.63,135.00,1.00,43.07
c2670.149.matrix,20,1194,20,237,0.9432,13.45,92.00,1.00,23.91
c2670.150.matrix,23,1194,23,321,0.9492,16.30,92.00,1.00,26.51
c2670.151.matrix,35,1194,35,256,0.9443,14.26,66.00,1.00,15.90
c2670.152.matrix,23,1194,23,205,0.9493,10.39,80.00,1.00,17.33
c2670.154.matrix,28,1194,28,370,0.8914,40.18,135.00,1.00,42.97
c2670.158.matrix,23,1194,23,181,0.9469,9.61,76.00,1.00,16.54
c2670.159.matrix,24,1194,24,127,0.9455,6.92,35.00,1.00,6.90
c2670.160.matrix,44,1194,44,476,0.8675,63.07,196.00,1.00,63.73
c2670.161.matrix,36,1194,36,261,0.9426,14.97,76.00,1.00,17.07
c2670.162.matrix,36,1194,36,349,0.9194,28.14,149.00,1.00,39.41
c2670.163.matrix,25,1194,25,156,0.9500,7.80,35.00,1.00,8.02
c2670.164.matrix,29,1194,29,162,0.9410,9.55,45.00,1.00,10.17
c2670.165.matrix,24,1194,24,222,0.9392,13.50,83.00,1.00,23.84
c2670.169.matrix,24,1194,24,182,0.9492,9.25,76.00,1.00,16.28
c2670.170.matrix,30,1194,30,378,0.9000,37.80,135.00,1.00,42.46
c2670.171.matrix,26,1194,26,194,0.9532,9.08,80.00,1.00,16.36
c2670.172.matrix,38,1194,38,353,0.9240,26.84,149.00,1.00,38.75
c2670.173.matrix,27,1194,27,166,0.9482,8.59,35.00,1.00,7.95
c2670.174.matrix,46,1194,46,480,0.8741,60.43,196.00,1.00,63.54
c2670.175.matrix,42,1194,42,272,0.9326,18.33,98.00,1.00,23.86
c2670.179.matrix,30,1194,30,163,0.9431,9.27,45.00,1.00,10.12
c2670.180.matrix,31,1194,31,164,0.9451,9.00,45.00,1.00,10.06
c2670.184.matrix,28,1194,28,361,0.9486,18.57,128.00,1.00,33.20
c2670.185.matrix,25,1194,25,213,0.9484,11.00,67.00,1.00,14.78
c2670.188.matrix,28,1194,28,167,0.9502,8.32,35.00,1.00,7.93
c2670.189.matrix,40,1194,40,377,0.9025,36.78,218.00,1.00,56.34
c2670.190.matrix,43,1194,43,274,0.9496,13.81,76.00,1.00,15.98
c2670.191.matrix,29,1194,29,362,0.9504,17.97,128.00,1.00,32.78
c2670.193.matrix,32,1194,32,237,0.9502,11.81,74.00,1.00,19.88
c2670.199.matrix,27,1194,27,256,0.9575,10.89,83.00,1.00,19.67
c2670.201.matrix,44,1194,44,284,0.9469,15.07,92.00,1.00,19.54
c2670.203.matrix,40,1194,40,353,0.9377,21.98,149.00,1.00,36.61
c2670.204.matrix,31,1194,31,273,0.9569,11.77,81.00,1.00,15.90
c2670.208.matrix,30,1194,30,291,0.9567,12.60,85.00,1.00,19.19
c2670.210.matrix,30,1194,30,291,0.9567,12.60,85.00,1.00,19.19
c2670.211.matrix,32,1194,32,275,0.9583,11.47,81.00,1.00,15.75
c2670.212.matrix,34,1194,34,235,0.9518,11.32,74.00,1.00,19.40
c2670.213.matrix,29,1194,29,285,0.9521,13.66,92.00,1.00,24.68
c2670.214.matrix,36,1194,36,306,0.9464,16.42,77.00,1.00,20.56
c2670.215.matrix,50,1194,50,447,0.9016,43.98,176.00,1.00,57.08
c2670.221.matrix,34,1194,34,193,0.9610,7.53,82.00,1.00,13.53
c2670.223.matrix,35,1194,35,206,0.9569,8.89,45.00,1.00,10.38
c2670.224.matrix,27,1194,27,259,0.9558,11.44,99.00,1.00,21.32
c2670.225.matrix,31,1194,31,289,0.9552,12.94,92.00,1.00,24.02
c2670.228.matrix,33,1194,33,276,0.9596,11.15,81.00,1.00,15.61
c2670.229.matrix,35,1194,35,206,0.9569,8.89,45.00,1.00,10.38
c2670.230.matrix,44,1194,44,376,0.9493,19.07,98.00,1.00,27.04
c2670.232.matrix,35,1194,35,195,0.9622,7.37,82.00,1.00,13.37
c2670.234.matrix,38,1194,38,181,0.9590,7.42,74.00,1.00,12.00
c2670.235.matrix,35,1194,35,302,0.9364,19.20,92.00,1.00,31.23
c2670.239.matrix,38,1194,38,181,0.9590,7.42,74.00,1.00,12.00
c2670.240.matrix,36,1194,36,196,0.9633,7.19,82.00,1.00,13.22
c2670.241.matrix,35,1194,35,302,0.9364,19.20,92.00,1.00,31.23
c2670.244.matrix,38,1194,38,181,0.9590,7.42,74.00,1.00,12.00
c2670.249.matrix,39,1194,39,391,0.9513,19.03,99.00,1.00,26.32
c2670.251.matrix,39,1194,39,206,0.9654,7.13,82.00,1.00,12.79
c3540.000.matrix,3,1670,3,101,0.6172,38.67,64.00,10.00,22.17
c3540.002.matrix,4,1670,4,52,0.1538,44.00,45.00,43.00,1.00
c3540.003.matrix,2,1670,2,61,0.4754,32.00,59.00,5.00,27.00
c3540.004.matrix,10,1670,10,310,0.7606,74.20,129.00,35.00,26.73
c3540.005.matrix,1,1670,1,42,0.0000,42.00,42.00,42.00,0.00
c3540.008.matrix,1,1670,1,55,0.0000,55.00,55.00,55.00,0.00
c3540.009.matrix,3,1670,3,50,0.3667,31.67,45.00,5.00,18.86
c3540.011.matrix,4,1670,4,124,0.6653,41.50,59.00,5.00,21.74
c3540.012.matrix,35,1670,35,619,0.7211,172.63,321.00,43.00,56.37
c3540.013.matrix,17,1670,17,364,0.7956,74.41,236.00,13.00,53.77
c3540.015.matrix,10,1670,10,341,0.6674,113.40,200.00,55.00,39.95
c3540.019.matrix,10,1670,10,267,0.7472,67.50,121.00,10.00,33.26
c3540.020.matrix,13,1670,13,301,0.7646,70.85,139.00,4.00,41.53
c3540.021.matrix,15,1670,15,323,0.7868,68.87,139.00,5.00,28.02
c3540.022.matrix,7,1670,7,203,0.7389,53.00,82.00,5.00,23.46
c3540.024.matrix,17,1670,17,260,0.7817,56.76,80.00,39.00,14.61
c3540.025.matrix,24,1670,24,494,0.8252,86.38,175.00,4.00,49.09
c3540.028.matrix,104,1670,104,745,0.8257,129.88,321.00,43.00,58.44
c3540.030.matrix,8,1670,8,247,0.7900,51.88,82.00,5.00,22.15
c3540.032.matrix,192,1670,192,833,0.8701,108.23,321.00,26.00,52.75
c3540.034.matrix,18,1670,18,340,0.8242,59.78,139.00,5.00,32.79
c3540.035.matrix,54,1670,54,661,0.8896,73.00,232.00,11.00,44.10
c3540.040.matrix,26,1670,26,604,0.7958,123.35,182.00,39.00,38.29
c3540.052.matrix,30,1670,30,401,0.8268,69.43,167.00,4.00,48.53
c3540.053.matrix,16,1670,16,258,0.8297,43.94,92.00,10.00,25.51
c3540.063.matrix,30,1670,30,744,0.8659,99.73,235.00,3.00,54.91
c3540.068.matrix,154,1670,154,808,0.8828,94.66,321.00,5.00,53.55
c3540.073.matrix,122,1670,122,759,0.9114,67.25,168.00,7.00,29.54
c3540.081.matrix,82,1670,82,659,0.8890,73.17,363.00,5.00,47.74
c3540.091.matrix,96,1670,96,737,0.9043,70.51,181.00,2.00,36.14
c3540.094.matrix,57,1670,57,612,0.9269,44.75,115.00,5.00,25.11
c3540.099.matrix,101,1670,101,695,0.8958,72.44,165.00,2.00,33.73
c3540.102.matrix,102,1670,102,732,0.9015,72.09,165.00,2.00,33.74
c3540.105.matrix,82,1670,82,731,0.9131,63.52,184.00,4.00,40.22
c3540.109.matrix,58,1670,58,609,0.8595,85.59,183.00,2.00,62.99
c3540.112.matrix,103,1670,103,703,0.8759,87.25,212.00,4.00,56.16
c432.000.matrix,4,161,4,53,0.6509,18.50,43.00,9.00,14.24
c432.001.matrix,4,161,4,25,0.5400,11.50,15.00,9.00,2.60
c432.002.matrix,4,161,4,58,0.3190,39.50,51.00,10.00,17.15
c432.003.matrix,2,161,2,17,0.4118,10.00,10.00,10.00,0.00
c432.004.matrix,2,161,2,51,0.4902,26.00,33.00,19.00,7.00
c432.005.matrix,4,161,4,16,0.4688,8.50,14.00,6.00,3.20
c432.006.matrix,3,161,3,29,0.6092,11.33,26.00,4.00,10.37
c432.007.matrix,4,161,4,36,0.5764,15.25,22.00,10.00,4.66
c432.008.matrix,5,161,5,39,0.3077,27.00,34.00,19.00,6.36
c432.009.matrix,2,161,2,66,0.4697,35.00,58.00,12.00,23.00
c432.010.matrix,10,161,10,71,0.6380,25.70,49.00,9.00,13.27
c432.011.matrix,7,161,7,75,0.5981,30.14,58.00,11.00,21.07
c432.012.matrix,9,161,9,61,0.7505,15.22,28.00,9.00,6.78
c432.013.matrix,7,161,7,67,0.6290,24.86,51.00,4.00,21.32
c432.014.matrix,16,161,16,94,0.6855,29.56,62.00,11.00,18.20
c432.015.matrix,6,161,6,32,0.7083,9.33,16.00,6.00,4.07
c432.016.matrix,6,161,6,83,0.7731,18.83,61.00,4.00,20.27
c432.017.matrix,8,161,8,43,0.7035,12.75,19.00,10.00,2.86
c432.018.matrix,11,161,11,103,0.7299,27.82,46.00,9.00,14.22
c432.019.matrix,12,161,12,93,0.7392,24.25,50.00,4.00,15.91
c432.020.matrix,12,161,12,68,0.7978,13.75,26.00,8.00,5.82
c432.021.matrix,6,161,6,79,0.7342,21.00,61.00,7.00,18.66
c432.022.matrix,17,161,17,99,0.8015,19.65,58.00,10.00,13.23
c432.023.matrix,24,161,24,107,0.7917,22.29,50.00,4.00,14.39
c432.024.matrix,20,161,20,114,0.7702,26.20,63.00,8.00,18.09
c432.025.matrix,12,161,12,105,0.8405,16.75,61.00,4.00,15.27
c432.026.matrix,18,161,18,84,0.7798,18.50,46.00,10.00,8.62
c432.027.matrix,9,161,9,63,0.8325,10.56,27.00,4.00,6.70
c432.028.matrix,8,161,8,97,0.7139,27.75,46.00,5.00,15.33
c432.029.matrix,12,161,12,78,0.7682,18.08,51.00,4.00,18.01
c432.030.matrix,19,161,19,100,0.8174,18.26,40.00,5.00,11.72
c432.031.matrix,16,161,16,100,0.7262,27.38,75.00,4.00,24.58
c432.032.matrix,21,161,21,104,0.7944,21.38,55.00,6.00,16.89
c432.033.matrix,35,161,35,127,0.8115,23.94,58.00,4.00,13.84
c432.034.matrix,15,161,15,103,0.8408,16.40,61.00,4.00,13.81
c432.035.matrix,18,161,18,99,0.8182,18.00,46.00,5.00,9.32
c432.036.matrix,11,161,11,67,0.7585,16.18,40.00,4.00,13.61
c432.037.matrix,33,161,33,117,0.7457,29.76,59.00,4.00,20.94
c432.038.matrix,14,161,14,87,0.8071,16.79,51.00,4.00,17.01
c432.039.matrix,19,161,19,99,0.8559,14.26,57.00,4.00,11.69
c432.040.matrix,40,161,40,112,0.8138,20.85,44.00,4.00,12.91
c432.041.matrix,21,161,21,109,0.8720,13.95,61.00,4.00,12.26
c432.042.matrix,24,161,24,102,0.8399,16.33,46.00,5.00,9.10
c432.043.matrix,21,161,21,74,0.8115,13.95,30.00,4.00,6.59
c432.044.matrix,35,161,35,107,0.7885,22.63,44.00,4.00,12.88
c499.000.matrix,2,203,2,30,0.4667,16.00,17.00,15.00,1.00
c499.001.matrix,3,203,3,45,0.6296,16.67,17.00,16.00,0.47
c499.002.matrix,3,203,3,42,0.6032,16.67,17.00,16.00,0.47
c499.003.matrix,2,203,2,29,0.4655,15.50,16.00,15.00,0.50
c499.004.matrix,2,203,2,29,0.4655,15.50,16.00,15.00,0.50
c499.005.matrix,2,203,2,27,0.3889,16.50,17.00,16.00,0.50
c499.008.matrix,2,203,2,19,0.4474,10.50,15.00,6.00,4.50
c499.009.matrix,2,203,2,29,0.4655,15.50,16.00,15.00,0.50
c499.010.matrix,5,203,5,45,0.6889,14.00,17.00,6.00,4.05
c499.011.matrix,5,203,5,59,0.7627,14.00,17.00,6.00,4.05
c499.012.matrix,5,203,5,65,0.7508,16.20,17.00,15.00,0.75
c499.013.matrix,6,203,6,62,0.7608,14.83,17.00,6.00,3.98
c499.014.matrix,5,203,5,45,0.6889,14.00,17.00,6.00,4.05
c499.015.matrix,7,203,7,74,0.6988,22.29,50.00,6.00,12.99
c499.018.matrix,5,203,5,40,0.7500,10.00,16.00,6.00,4.52
c499.019.matrix,4,203,4,47,0.6596,16.00,17.00,15.00,1.00
c499.020.matrix,7,203,7,57,0.8221,10.14,16.00,6.00,4.52
c499.021.matrix,10,203,10,86,0.8070,16.60,26.00,6.00,5.14
c499.022.matrix,9,203,9,93,0.8136,17.33,35.00,6.00,8.12
c499.023.matrix,9,203,9,74,0.8138,13.78,17.00,6.00,4.21
c499.024.matrix,11,203,11,57,0.8293,9.73,16.00,6.00,4.57
c499.025.matrix,9,203,9,89,0.7653,20.89,50.00,6.00,11.76
c499.028.matrix,6,203,6,51,0.7941,10.50,15.00,6.00,4.50
c499.029.matrix,9,203,9,81,0.8285,13.89,17.00,6.00,4.25
c499.030.matrix,9,203,9,67,0.8176,12.22,16.00,6.00,4.42
c499.031.matrix,9,203,9,81,0.8272,14.00,17.00,6.00,4.32
c499.032.matrix,9,203,9,59,0.8079,11.33,16.00,6.00,4.57
c499.033.matrix,4,203,4,62,0.7339,16.50,17.00,15.00,0.87
c499.034.matrix,15,203,15,107,0.8586,15.13,26.00,6.00,5.41
c499.035.matrix,14,203,14,92,0.8556,13.29,24.00,6.00,6.05
c499.038.matrix,5,203,5,57,0.7474,14.40,17.00,6.00,4.22
c499.039.matrix,15,203,15,112,0.8423,17.67,50.00,6.00,10.40
c499.040.matrix,14,203,14,88,0.8580,12.50,17.00,6.00,4.88
c499.041.matrix,18,203,18,111,0.8559,16.00,50.00,6.00,10.65
c499.042.matrix,20,203,20,112,0.8562,16.10,50.00,6.00,9.76
c499.043.matrix,13,203,13,100,0.8462,15.38,17.00,6.00,2.82
c499.044.matrix,9,203,9,65,0.7829,14.11,17.00,6.00,4.38
c499.045.matrix,14,203,14,106,0.8693,13.86,50.00,6.00,11.01
c499.048.matrix,17,203,17,110,0.8743,13.82,50.00,6.00,10.12
c499.049.matrix,11,203,11,76,0.8206,13.64,17.00,6.00,4.72
c499.050.matrix,16,203,16,98,0.8520,14.50,44.00,6.00,9.14
c499.051.matrix,23,203,23,99,0.8858,11.30,16.00,6.00,4.52
c499.052.matrix,20,203,20,117,0.8799,14.05,44.00,6.00,8.32
c499.053.matrix,22,203,22,109,0.8616,15.09,26.00,6.00,6.06
c499.054.matrix,15,203,15,96,0.8653,12.93,17.00,6.00,4.95
c499.055.matrix,18,203,18,106,0.8737,13.39,24.00,6.00,5.66
c499.058.matrix,16,203,16,98,0.8661,13.13,17.00,6.00,4.72
c499.059.matrix,21,203,21,109,0.8720,13.95,50.00,6.00,9.35
c499.060.matrix,28,203,28,122,0.8893,13.50,50.00,6.00,8.49
c499.061.matrix,16,203,16,92,0.8580,13.06,17.00,6.00,4.28
c499.062.matrix,28,203,28,123,0.8804,14.71,26.00,6.00,5.69
c499.063.matrix,28,203,28,126,0.8968,13.00,44.00,6.00,7.67
c499.064.matrix,18,203,18,108,0.8837,12.56,17.00,6.00,5.24
c499.065.matrix,23,203,23,120,0.8938,12.74,25.00,6.00,5.62
c499.068.matrix,31,203,31,128,0.8964,13.26,50.00,6.00,10.67
c499.069.matrix,20,203,20,103,0.8762,12.75,17.00,6.00,4.90
c499.070.matrix,40,203,40,133,0.9109,11.85,50.00,6.00,7.68
c499.071.matrix,34,203,34,122,0.8951,12.79,50.00,6.00,8.12
c499.072.matrix,27,203,27,136,0.8859,15.52,58.00,6.00,11.85
c499.073.matrix,26,203,26,114,0.8839,13.23,17.00,6.00,4.63
c499.074.matrix,30,203,30,131,0.8822,15.43,44.00,6.00,10.74
c499.075.matrix,28,203,28,130,0.8920,14.04,58.00,6.00,9.76
c499.078.matrix,29,203,29,122,0.8847,14.07,44.00,6.00,7.37
c499.079.matrix,33,203,33,124,0.8927,13.30,24.00,6.00,5.14
c499.080.matrix,47,203,47,144,0.9041,13.81,55.00,6.00,9.81
c499.081.matrix,34,203,34,133,0.9025,12.97,27.00,6.00,5.38
c499.082.matrix,45,203,45,141,0.9127,12.31,26.00,6.00,6.29
c499.083.matrix,41,203,41,136,0.8978,13.90,44.00,6.00,8.88
c499.084.matrix,28,203,28,109,0.9056,10.29,16.00,6.00,4.42
c499.085.matrix,50,203,50,152,0.9058,14.32,50.00,6.00,10.00
c499.088.matrix,33,203,33,141,0.9039,13.55,58.00,6.00,9.35
c499.089.matrix,33,203,33,125,0.8899,13.76,44.00,6.00,7.18
c499.090.matrix,41,203,41,145,0.9063,13.59,44.00,6.00,6.99
c499.091.matrix,54,203,54,152,0.9195,12.24,26.00,6.00,6.13
c499.092.matrix,46,203,46,145,0.9072,13.46,58.00,6.00,9.94
c499.093.matrix,40,203,40,136,0.9147,11.60,17.00,6.00,4.87
c499.094.matrix,47,203,47,152,0.9136,13.13,50.00,6.00,8.09
c499.095.matrix,49,203,49,148,0.9072,13.73,44.00,6.00,8.41
c499.098.matrix,39,203,39,118,0.9144,10.10,16.00,6.00,4.49
c499.099.matrix,53,203,53,146,0.9267,10.70,50.00,6.00,8.86
c499.100.matrix,62,203,62,161,0.9071,14.95,50.00,6.00,10.19
c499.101.matrix,55,203,55,165,0.9074,15.27,50.00,6.00,9.67
c499.102.matrix,54,203,54,164,0.9141,14.09,58.00,6.00,9.49
c499.103.matrix,47,203,47,150,0.9274,10.89,17.00,6.00,4.79
c499.104.matrix,74,203,74,164,0.9200,13.12,55.00,6.00,9.02
c499.105.matrix,48,203,48,153,0.9122,13.44,44.00,6.00,6.85
c499.106.matrix,57,203,57,156,0.9194,12.58,50.00,6.00,7.94
c499.107.matrix,47,203,47,134,0.9230,10.32,17.00,6.00,4.58
c499.108.matrix,55,203,55,155,0.9043,14.84,58.00,6.00,10.36
c499.109.matrix,39,203,39,148,0.9109,13.18,58.00,6.00,8.85
c499.110.matrix,55,203,55,153,0.9113,13.56,50.00,6.00,10.02
c499.111.matrix,69,203,69,161,0.9259,11.93,44.00,6.00,6.76
c499.112.matrix,41,203,41,145,0.9203,11.56,46.00,6.00,7.71
c499.113.matrix,47,203,47,156,0.9257,11.60,50.00,6.00,9.31
c499.114.matrix,55,203,55,160,0.9307,11.09,50.00,6.00,8.75
c499.115.matrix,74,203,74,168,0.9194,13.54,50.00,6.00,9.85
c499.116.matrix,60,203,60,169,0.8932,18.05,63.00,6.00,14.89
c499.117.matrix,58,203,58,151,0.9169,12.55,55.00,6.00,7.79
c499.118.matrix,62,203,62,162,0.9147,13.82,58.00,6.00,8.99
c499.119.matrix,61,203,61,158,0.9204,12.57,44.00,6.00,8.05
c499.120.matrix,65,203,65,155,0.9159,13.03,44.00,6.00,8.81
c499.121.matrix,73,203,73,170,0.9301,11.88,44.00,6.00,8.42
c499.122.matrix,73,203,73,164,0.9272,11.95,50.00,6.00,8.23
c499.123.matrix,40,203,40,147,0.9158,12.38,50.00,6.00,7.74
c499.124.matrix,64,203,64,156,0.9211,12.31,50.00,6.00,7.68
c499.125.matrix,66,203,66,162,0.9285,11.59,50.00,6.00,8.48
c499.126.matrix,63,203,63,174,0.9388,10.65,50.00,6.00,6.85
c499.127.matrix,53,203,53,145,0.9240,11.02,50.00,6.00,7.15
c499.128.matrix,78,203,78,170,0.9290,12.08,44.00,6.00,6.55
c499.129.matrix,67,203,67,168,0.9258,12.46,50.00,6.00,9.79
c499.130.matrix,73,203,73,170,0.9354,10.99,50.00,6.00,6.71
c499.131.matrix,67,203,67,157,0.9184,12.81,50.00,6.00,9.62
c499.132.matrix,73,203,73,170,0.9270,12.41,50.00,6.00,9.23
c499.133.matrix,83,203,83,179,0.9350,11.63,92.00,6.00,12.40
c499.134.matrix,76,203,76,174,0.9279,12.55,44.00,6.00,8.53
c499.135.matrix,59,203,59,152,0.9271,11.08,24.00,6.00,5.47
c499.136.matrix,67,203,67,169,0.9324,11.42,50.00,6.00,9.46
c499.137.matrix,74,203,74,172,0.9280,12.38,44.00,6.00,8.19
c499.138.matrix,44,203,44,147,0.9244,11.11,26.00,6.00,5.50
c499.139.matrix,62,203,62,169,0.9280,12.16,55.00,6.00,10.08
c499.140.matrix,84,203,84,172,0.9324,11.63,50.00,6.00,9.44
c499.141.matrix,87,203,87,174,0.9314,11.93,44.00,6.00,8.78
c499.142.matrix,93,203,93,184,0.9355,11.86,50.00,6.00,8.53
c499.143.matrix,81,203,81,172,0.9299,12.06,50.00,6.00,9.78
c499.144.matrix,74,203,74,168,0.9349,10.93,50.00,6.00,6.94
c499.145.matrix,65,203,65,143,0.9233,10.97,44.00,6.00,7.05
c499.146.matrix,70,203,70,152,0.9256,11.31,50.00,6.00,8.75
c499.147.matrix,85,203,85,167,0.9324,11.28,50.00,6.00,8.75
c499.148.matrix,66,203,66,172,0.9330,11.53,50.00,6.00,8.33
c499.149.matrix,64,203,64,166,0.9364,10.56,24.00,6.00,5.08
c499.150.matrix,85,203,85,158,0.9324,10.68,50.00,6.00,8.09
c499.151.matrix,94,203,94,186,0.9386,11.43,44.00,6.00,8.09
c499.152.matrix,68,203,68,161,0.9375,10.06,26.00,6.00,5.18
c499.153.matrix,86,203,86,174,0.9353,11.26,50.00,6.00,9.63
c499.154.matrix,90,203,90,178,0.9379,11.06,50.00,6.00,8.58
c499.155.matrix,83,203,83,181,0.9386,11.11,50.00,6.00,6.70
c499.156.matrix,76,203,76,157,0.9350,10.20,50.00,6.00,8.00
c499.157.matrix,90,203,90,179,0.9388,10.96,50.00,6.00,8.03
c499.158.matrix,85,203,85,181,0.9503,8.99,17.00,6.00,4.31
c499.159.matrix,97,203,97,179,0.9336,11.89,50.00,6.00,9.67
c499.160.matrix,99,203,99,187,0.9431,10.65,55.00,6.00,8.47
c5315.000.matrix,2,2308,2,17,0.3529,11.00,14.00,8.00,3.00
c5315.001.matrix,4,2308,4,15,0.5000,7.50,10.00,6.00,1.50
c5315.002.matrix,3,2308,3,17,0.3725,10.67,15.00,8.00,3.09
c5315.003.matrix,3,2308,3,17,0.4118,10.00,15.00,7.00,3.56
c5315.004.matrix,5,2308,5,14,0.4714,7.40,8.00,7.00,0.49
c5315.005.matrix,3,2308,3,51,0.5882,21.00,45.00,7.00,17.05
c5315.008.matrix,2,2308,2,41,0.0122,40.50,41.00,40.00,0.50
c5315.009.matrix,2,2308,2,49,0.4898,25.00,41.00,9.00,16.00
c5315.010.matrix,6,2308,6,219,0.8151,40.50,172.00,4.00,60.51
c5315.011.matrix,6,2308,6,35,0.7571,8.50,11.00,6.00,1.89
c5315.012.matrix,5,2308,5,21,0.6476,7.40,15.00,2.00,4.67
c5315.013.matrix,7,2308,7,156,0.7473,39.43,55.00,15.00,12.52
c5315.015.matrix,3,2308,3,15,0.6444,5.33,9.00,1.00,3.30
c5315.019.matrix,7,2308,7,115,0.6720,37.71,53.00,21.00,9.56
c5315.020.matrix,12,2308,12,187,0.7910,39.08,87.00,6.00,25.03
c5315.021.matrix,9,2308,9,231,0.8740,29.11,172.00,4.00,51.99
c5315.022.matrix,11,2308,11,210,0.8801,25.18,168.00,6.00,45.30
c5315.023.matrix,6,2308,6,22,0.7121,6.33,15.00,1.00,4.89
c5315.024.matrix,7,2308,7,116,0.8387,18.71,53.00,3.00,18.73
c5315.025.matrix,6,2308,6,36,0.7639,8.50,18.00,3.00,4.65
c5315.028.matrix,6,2308,6,28,0.7857,6.00,11.00,1.00,3.27
c5315.029.matrix,13,2308,13,148,0.8222,26.31,53.00,9.00,14.40
c5315.030.matrix,10,2308,10,127,0.8858,14.50,53.00,3.00,16.99
c5315.031.matrix,12,2308,12,213,0.8905,23.33,168.00,3.00,43.80
c5315.032.matrix,7,2308,7,23,0.7578,5.57,15.00,1.00,4.89
c5315.033.matrix,7,2308,7,29,0.8177,5.29,11.00,1.00,3.49
c5315.034.matrix,7,2308,7,38,0.8383,6.14,8.00,3.00,2.10
c5315.035.matrix,16,2308,16,267,0.8516,39.63,87.00,6.00,23.24
c5315.038.matrix,7,2308,7,37,0.7992,7.43,18.00,1.00,5.04
c5315.039.matrix,9,2308,9,25,0.7644,5.89,8.00,1.00,2.64
c5315.040.matrix,9,2308,9,45,0.8346,7.44,15.00,1.00,5.56
c5315.041.matrix,10,2308,10,52,0.8596,7.30,11.00,3.00,2.53
c5315.042.matrix,17,2308,17,268,0.8606,37.35,87.00,1.00,24.31
c5315.043.matrix,13,2308,13,156,0.9024,15.23,53.00,3.00,14.99
c5315.044.matrix,18,2308,18,174,0.8981,17.72,53.00,7.00,13.11
c5315.045.matrix,20,2308,20,412,0.9163,34.50,168.00,3.00,38.26
c5315.048.matrix,11,2308,11,115,0.8751,14.36,51.00,1.00,14.99
c5315.049.matrix,10,2308,10,26,0.8038,5.10,8.00,1.00,2.98
c5315.050.matrix,11,2308,11,28,0.8279,4.82,8.00,1.00,2.98
c5315.051.matrix,12,2308,12,116,0.8858,13.25,51.00,1.00,14.82
c5315.052.matrix,19,2308,19,295,0.8698,38.42,172.00,4.00,55.67
c5315.053.matrix,9,2308,9,72,0.8611,10.00,41.00,2.00,11.44
c5315.054.matrix,30,2308,30,263,0.8617,36.37,117.00,1.00,32.31
c5315.055.matrix,22,2308,22,198,0.9174,16.36,53.00,7.00,12.23
c5315.058.matrix,21,2308,21,369,0.8894,40.81,100.00,1.00,26.26
c5315.059.matrix,13,2308,13,79,0.8685,10.38,35.00,1.00,8.72
c5315.060.matrix,18,2308,18,98,0.8923,10.56,35.00,1.00,7.58
c5315.061.matrix,13,2308,13,117,0.8948,12.31,51.00,1.00,14.60
c5315.062.matrix,23,2308,23,383,0.9066,35.78,100.00,1.00,26.50
c5315.063.matrix,33,2308,33,405,0.8735,51.24,117.00,1.00,38.06
c5315.064.matrix,12,2308,12,65,0.8885,7.25,11.00,3.00,2.35
c5315.065.matrix,13,2308,13,104,0.8794,12.54,49.00,1.00,13.08
c5315.068.matrix,14,2308,14,161,0.9130,14.00,53.00,3.00,14.49
c5315.069.matrix,20,2308,20,297,0.8768,36.60,172.00,2.00,54.84
c5315.070.matrix,16,2308,16,257,0.9195,20.69,112.00,6.00,25.45
c5315.071.matrix,10,2308,10,73,0.8753,9.10,41.00,1.00,11.18
c5315.072.matrix,25,2308,25,198,0.7719,45.16,101.00,1.00,40.78
c5315.073.matrix,22,2308,22,317,0.8879,35.55,172.00,2.00,52.85
c5315.074.matrix,20,2308,20,204,0.7912,42.60,130.00,1.00,47.28
c5315.075.matrix,19,2308,19,100,0.8989,10.11,35.00,1.00,7.62
c5315.078.matrix,24,2308,24,202,0.9247,15.21,53.00,2.00,12.32
c5315.079.matrix,21,2308,21,413,0.9203,32.90,168.00,1.00,38.01
c5315.080.matrix,39,2308,39,612,0.9143,52.44,197.00,1.00,41.47
c5315.081.matrix,16,2308,16,182,0.9251,13.63,53.00,3.00,13.60
c5315.082.matrix,26,2308,26,394,0.9184,32.15,100.00,1.00,26.89
c5315.083.matrix,24,2308,24,320,0.8977,32.75,172.00,2.00,51.44
c5315.084.matrix,15,2308,15,131,0.9109,11.67,51.00,1.00,13.70
c5315.085.matrix,28,2308,28,105,0.9170,8.71,20.00,2.00,4.87
c5315.088.matrix,35,2308,35,410,0.8824,48.20,117.00,1.00,38.94
c5315.089.matrix,22,2308,22,112,0.9107,10.00,35.00,1.00,7.09
c5315.090.matrix,12,2308,12,76,0.8958,7.92,41.00,1.00,10.55
c5315.091.matrix,36,2308,36,411,0.8859,46.89,117.00,1.00,39.17
c5315.092.matrix,16,2308,16,135,0.9171,11.19,51.00,1.00,13.40
c5315.094.matrix,29,2308,29,214,0.8152,39.55,101.00,1.00,40.40
c5315.095.matrix,19,2308,19,193,0.9321,13.11,94.00,3.00,19.29
c5315.099.matrix,33,2308,33,227,0.8682,29.91,130.00,1.00,40.09
c5315.100.matrix,21,2308,21,204,0.9353,13.19,94.00,3.00,18.34
c5315.101.matrix,20,2308,20,86,0.9256,6.40,16.00,1.00,4.91
c5315.102.matrix,17,2308,17,136,0.9221,10.59,51.00,1.00,13.22
c5315.103.matrix,18,2308,18,196,0.9340,12.94,53.00,3.00,12.97
c5315.104.matrix,29,2308,29,280,0.9203,22.31,90.00,1.00,25.50
c5315.105.matrix,29,2308,29,404,0.9275,29.28,100.00,1.00,26.84
c5315.108.matrix,17,2308,17,132,0.9242,10.00,48.00,1.00,12.96
c5315.109.matrix,24,2308,24,116,0.9192,9.38,35.00,1.00,7.10
c5315.110.matrix,24,2308,24,285,0.9316,19.50,112.00,6.00,21.61
c5315.111.matrix,31,2308,31,140,0.9288,9.97,31.00,2.00,6.66
c5315.113.matrix,20,2308,20,195,0.9269,14.25,39.00,6.00,9.04
c5315.115.matrix,25,2308,25,115,0.9290,8.16,31.00,1.00,6.77
c5315.118.matrix,23,2308,23,195,0.9055,18.43,60.00,1.00,19.13
c5315.119.matrix,23,2308,23,213,0.9377,13.26,94.00,3.00,17.53
c5315.120.matrix,20,2308,20,272,0.9329,18.25,112.00,6.00,23.28
c5315.121.matrix,40,2308,40,394,0.9170,32.70,172.00,2.00,41.39
c5315.122.matrix,40,2308,40,515,0.9070,47.90,197.00,1.00,37.32
c5315.123.matrix,20,2308,20,181,0.9354,11.70,51.00,1.00,14.48
c5315.124.matrix,13,2308,13,77,0.9161,6.46,15.00,2.00,3.54
c5315.125.matrix,30,2308,30,121,0.9278,8.73,20.00,2.00,4.70
c5315.129.matrix,37,2308,37,239,0.8869,27.03,130.00,1.00,38.77
c5315.130.matrix,23,2308,23,282,0.9399,16.96,112.00,6.00,21.97
c5315.131.matrix,25,2308,25,205,0.9151,17.40,60.00,1.00,18.69
c5315.132.matrix,42,2308,42,415,0.9394,25.14,171.00,2.00,29.27
c5315.133.matrix,26,2308,26,224,0.9452,12.27,94.00,3.00,16.73
c5315.134.matrix,26,2308,26,200,0.9444,11.12,51.00,1.00,12.79
c5315.135.matrix,35,2308,35,302,0.9347,19.71,90.00,1.00,23.98
c5315.139.matrix,33,2308,33,436,0.9386,26.79,100.00,1.00,26.18
c5315.140.matrix,31,2308,31,138,0.9357,8.87,35.00,1.00,6.39
c5315.141.matrix,48,2308,48,553,0.9238,42.13,197.00,1.00,36.61
c5315.142.matrix,23,2308,23,225,0.9428,12.87,53.00,3.00,11.60
c5315.143.matrix,16,2308,16,88,0.9247,6.63,15.00,2.00,3.24
c5315.144.matrix,37,2308,37,310,0.9390,18.92,90.00,1.00,23.57
c5315.145.matrix,38,2308,38,329,0.8883,36.76,101.00,1.00,35.98
c5315.149.matrix,26,2308,26,235,0.9491,11.96,94.00,3.00,16.82
c5315.150.matrix,39,2308,39,492,0.9072,45.64,178.00,2.00,44.40
c5315.151.matrix,34,2308,34,437,0.9404,26.03,100.00,1.00,26.16
c5315.152.matrix,32,2308,32,142,0.9399,8.53,35.00,1.00,6.40
c5315.153.matrix,27,2308,27,214,0.9228,16.52,60.00,1.00,18.27
c5315.154.matrix,25,2308,25,297,0.9449,16.36,112.00,6.00,21.19
c5315.155.matrix,28,2308,28,133,0.9417,7.75,27.00,1.00,6.50
c5315.158.matrix,29,2308,29,218,0.9287,15.55,60.00,1.00,17.98
c5315.159.matrix,23,2308,23,131,0.9403,7.83,17.00,2.00,4.42
c5315.160.matrix,33,2308,33,246,0.9479,12.82,39.00,2.00,7.87
c5315.161.matrix,40,2308,40,346,0.9422,20.00,90.00,1.00,24.00
c5315.162.matrix,32,2308,32,144,0.9379,8.94,20.00,2.00,4.62
c5315.163.matrix,35,2308,35,438,0.9422,25.31,100.00,1.00,26.12
c5315.164.matrix,27,2308,27,236,0.9510,11.56,94.00,2.00,16.63
c5315.165.matrix,27,2308,27,307,0.9488,15.70,112.00,6.00,20.53
c5315.168.matrix,33,2308,33,244,0.9482,12.64,39.00,2.00,7.95
c5315.169.matrix,29,2308,29,318,0.9527,15.03,112.00,3.00,19.97
c5315.170.matrix,35,2308,35,325,0.9342,21.40,104.00,1.00,31.14
c5315.171.matrix,29,2308,29,240,0.9545,10.93,94.00,2.00,16.21
c5315.172.matrix,28,2308,28,227,0.9366,14.39,53.00,2.00,11.73
c5315.173.matrix,18,2308,18,107,0.9346,7.00,15.00,2.00,3.23
c5315.174.matrix,41,2308,41,402,0.9401,24.10,171.00,2.00,29.39
c5315.175.matrix,39,2308,39,465,0.9477,24.33,100.00,1.00,25.17
c5315.178.matrix,36,2308,36,411,0.9432,23.36,104.00,1.00,32.35
c5315.180.matrix,48,2308,48,358,0.9416,20.90,90.00,1.00,22.89
c5315.181.matrix,26,2308,26,103,0.9305,7.15,18.00,1.00,4.69
c5315.183.matrix,34,2308,34,245,0.9367,15.50,60.00,1.00,17.47
c5315.185.matrix,25,2308,25,228,0.9509,11.20,53.00,1.00,11.56
c5315.188.matrix,20,2308,20,141,0.9429,8.05,19.00,2.00,4.42
c5315.189.matrix,33,2308,33,335,0.9243,25.36,99.00,1.00,28.48
c5315.190.matrix,27,2308,27,115,0.9391,7.00,18.00,1.00,4.46
c5315.191.matrix,30,2308,30,410,0.9572,17.57,188.00,1.00,34.00
c5315.192.matrix,38,2308,38,415,0.9464,22.26,104.00,1.00,31.83
c5315.193.matrix,29,2308,29,350,0.9559,15.45,159.00,1.00,28.63
c5315.194.matrix,28,2308,28,141,0.9471,7.46,31.00,1.00,6.43
c5315.198.matrix,33,2308,33,154,0.9481,8.00,20.00,2.00,4.26
c5315.199.matrix,34,2308,34,355,0.9624,13.35,94.00,2.00,20.69
c5315.200.matrix,36,2308,36,348,0.9313,23.92,99.00,1.00,27.69
c5315.201.matrix,51,2308,51,461,0.9520,22.14,171.00,2.00,27.78
c5315.202.matrix,40,2308,40,426,0.9496,21.48,104.00,1.00,31.23
c5315.203.matrix,31,2308,31,141,0.9490,7.19,27.00,1.00,6.31
c5315.204.matrix,21,2308,21,142,0.9457,7.71,19.00,1.00,4.57
c5315.205.matrix,35,2308,35,159,0.9508,7.83,31.00,1.00,5.95
c5315.208.matrix,36,2308,36,267,0.9428,15.28,60.00,1.00,17.00
c5315.209.matrix,25,2308,25,156,0.9513,7.60,19.00,1.00,4.31
c5315.211.matrix,48,2308,48,400,0.9472,21.10,116.00,1.00,24.46
c5315.220.matrix,28,2308,28,137,0.9466,7.32,18.00,1.00,4.54
c5315.222.matrix,45,2308,45,438,0.9616,16.80,122.00,1.00,21.47
c5315.223.matrix,37,2308,37,181,0.9557,8.03,31.00,1.00,5.86
c5315.224.matrix,38,2308,38,268,0.9454,14.63,60.00,1.00,16.77
c5315.228.matrix,37,2308,37,369,0.9656,12.68,94.00,1.00,20.01
c5315.230.matrix,37,2308,37,183,0.9532,8.57,20.00,2.00,4.41
c5315.231.matrix,54,2308,54,472,0.9547,21.39,171.00,2.00,27.17
c5315.233.matrix,35,2308,35,387,0.9594,15.71,159.00,1.00,26.52
c5315.235.matrix,32,2308,32,416,0.9598,16.72,188.00,1.00,33.09
c5315.238.matrix,59,2308,59,628,0.9380,38.97,197.00,1.00,36.27
c5315.239.matrix,40,2308,40,300,0.9509,14.73,60.00,1.00,16.44
c5315.240.matrix,38,2308,38,183,0.9574,7.79,31.00,1.00,5.64
c5315.241.matrix,39,2308,39,198,0.9558,8.74,20.00,2.00,4.37
c5315.242.matrix,47,2308,47,454,0.9637,16.49,122.00,1.00,20.95
c5315.243.matrix,56,2308,56,480,0.9567,20.80,171.00,2.00,26.86
c5315.244.matrix,60,2308,60,554,0.9329,37.17,178.00,1.00,39.69
c5315.249.matrix,48,2308,48,231,0.9610,9.00,20.00,2.00,4.35
c5315.251.matrix,50,2308,50,496,0.9501,24.76,87.00,1.00,22.37
c5315.253.matrix,45,2308,45,330,0.9538,15.24,60.00,1.00,16.02
c5315.254.matrix,62,2308,62,654,0.9421,37.87,197.00,1.00,35.78
c5315.255.matrix,58,2308,58,451,0.9562,19.78,171.00,2.00,26.40
c5315.258.matrix,40,2308,40,485,0.9651,16.95,188.00,1.00,32.00
c5315.259.matrix,36,2308,36,285,0.9571,12.22,56.00,1.00,12.36
c5315.260.matrix,43,2308,43,375,0.9446,20.79,99.00,1.00,26.33
c5315.261.matrix,41,2308,41,174,0.9578,7.34,16.00,1.00,4.07
c5315.263.matrix,34,2308,34,348,0.9620,13.24,112.00,2.00,19.14
c5315.264.matrix,53,2308,53,509,0.9533,23.77,87.00,1.00,22.10
c5315.265.matrix,51,2308,51,389,0.9408,23.02,96.00,1.00,26.71
c5315.270.matrix,54,2308,54,369,0.9615,14.22,79.00,1.00,13.71
c5315.271.matrix,49,2308,49,367,0.9605,14.51,101.00,1.00,22.29
c5315.274.matrix,46,2308,46,187,0.9576,7.93,20.00,1.00,4.45
c5315.275.matrix,37,2308,37,286,0.9583,11.92,56.00,1.00,12.32
c5315.279.matrix,57,2308,57,523,0.9541,24.02,87.00,1.00,22.40
c5315.280.matrix,60,2308,60,472,0.9587,19.48,171.00,2.00,26.01
c5315.281.matrix,55,2308,55,575,0.9569,24.80,199.00,1.00,37.79
c5315.282.matrix,33,2308,33,176,0.9576,7.45,18.00,1.00,4.50
c5315.283.matrix,60,2308,60,385,0.9655,13.28,79.00,1.00,13.24
c5315.284.matrix,61,2308,61,537,0.9574,22.89,87.00,1.00,22.07
c5315.285.matrix,73,2308,73,514,0.9542,23.52,171.00,2.00,33.25
c5315.288.matrix,52,2308,52,467,0.9668,15.50,122.00,1.00,20.18
c5315.289.matrix,42,2308,42,488,0.9679,15.67,188.00,1.00,31.00
c5315.292.matrix,58,2308,58,604,0.9643,21.53,194.00,1.00,28.49
c5315.293.matrix,36,2308,36,191,0.9599,7.67,18.00,1.00,4.45
c5315.294.matrix,53,2308,53,424,0.9647,14.96,101.00,1.00,21.90
c5315.295.matrix,68,2308,68,629,0.9441,35.15,178.00,1.00,37.98
c5315.298.matrix,63,2308,63,407,0.9679,13.05,79.00,1.00,12.87
c5315.300.matrix,48,2308,48,198,0.9595,8.02,20.00,1.00,4.42
c5315.301.matrix,52,2308,52,238,0.9634,8.71,20.00,1.00,4.40
c5315.303.matrix,36,2308,36,366,0.9641,13.14,112.00,2.00,18.60
c5315.304.matrix,41,2308,41,383,0.9691,11.85,94.00,1.00,19.19
c5315.305.matrix,35,2308,35,264,0.9645,9.37,41.00,1.00,7.29
c5315.308.matrix,51,2308,51,205,0.9611,7.98,20.00,1.00,4.29
c5315.309.matrix,49,2308,49,388,0.9512,18.92,99.00,1.00,25.18
c5315.310.matrix,42,2308,42,409,0.9655,14.12,159.00,1.00,24.54
c5315.312.matrix,54,2308,54,481,0.9684,15.20,122.00,1.00,19.86
c5315.314.matrix,53,2308,53,239,0.9642,8.57,20.00,1.00,4.48
c5315.315.matrix,69,2308,69,788,0.9588,32.49,197.00,1.00,35.03
c5315.318.matrix,56,2308,56,492,0.9696,14.95,122.00,1.00,19.55
c5315.319.matrix,46,2308,46,507,0.9706,14.91,188.00,1.00,29.76
c5315.320.matrix,39,2308,39,266,0.9651,9.28,41.00,1.00,6.99
c5315.321.matrix,42,2308,42,405,0.9663,13.67,162.00,1.00,25.03
c5315.323.matrix,55,2308,55,407,0.9556,18.07,99.00,1.00,23.91
c5315.324.matrix,42,2308,42,210,0.9625,7.88,18.00,1.00,4.23
c5315.329.matrix,59,2308,59,606,0.9650,21.20,194.00,1.00,28.36
c5315.330.matrix,54,2308,54,223,0.9640,8.02,20.00,1.00,4.18
c5315.331.matrix,59,2308,59,497,0.9713,14.29,122.00,1.00,19.26
c5315.332.matrix,49,2308,49,518,0.9722,14.39,188.00,1.00,28.91
c5315.333.matrix,56,2308,56,408,0.9565,17.77,99.00,1.00,23.81
c5315.338.matrix,53,2308,53,253,0.9671,8.32,20.00,1.00,4.51
c5315.340.matrix,55,2308,55,231,0.9651,8.05,20.00,1.00,4.15
c5315.343.matrix,52,2308,52,372,0.9661,12.60,59.00,1.00,13.25
c5315.348.matrix,63,2308,63,502,0.9713,14.40,101.00,1.00,20.67
c5315.349.matrix,56,2308,56,232,0.9657,7.96,20.00,1.00,4.17
c5315.351.matrix,59,2308,59,274,0.9688,8.54,27.00,1.00,4.92
c5315.353.matrix,66,2308,66,638,0.9727,17.42,122.00,1.00,22.22
c5315.354.matrix,57,2308,57,233,0.9663,7.84,20.00,1.00,4.23
c5315.355.matrix,54,2308,54,529,0.9741,13.69,188.00,1.00,27.65
c5315.359.matrix,60,2308,60,408,0.9591,16.68,99.00,1.00,23.30
c5315.360.matrix,73,2308,73,640,0.9745,16.33,122.00,1.00,21.33
c5315.361.matrix,71,2308,71,532,0.9751,13.24,95.00,1.00,16.73
c5315.363.matrix,57,2308,57,449,0.9716,12.75,162.00,1.00,21.65
c5315.364.matrix,79,2308,79,468,0.9741,12.14,79.00,1.00,11.90
c5315.365.matrix,60,2308,60,554,0.9758,13.42,188.00,1.00,26.29
c5315.368.matrix,65,2308,65,470,0.9731,12.65,162.00,1.00,20.28
c5315.369.matrix,75,2308,75,542,0.9755,13.29,95.00,1.00,16.34
c5315.370.matrix,61,2308,61,328,0.9721,9.16,38.00,1.00,6.20
c5315.371.matrix,62,2308,62,563,0.9765,13.21,188.00,1.00,25.89
c5315.375.matrix,69,2308,69,583,0.9780,12.80,188.00,1.00,24.61
c5315.378.matrix,75,2308,75,643,0.9752,15.93,122.00,1.00,21.18
c5315.379.matrix,70,2308,70,585,0.9786,12.54,188.00,1.00,24.50
c6288.000.matrix,2,2416,2,24,0.1250,21.00,22.00,20.00,1.00
c7552.000.matrix,29,3512,29,460,0.5879,189.59,218.00,172.00,11.92
c7552.001.matrix,6,3512,6,295,0.7384,77.17,219.00,27.00,65.53
c7552.002.matrix,9,3512,9,200,0.6917,61.67,96.00,37.00,16.16
c7552.003.matrix,11,3512,11,349,0.8109,66.00,202.00,27.00,45.61
c7552.004.matrix,13,3512,13,379,0.7317,101.69,262.00,56.00,66.99
c7552.005.matrix,1,3512,1,1,0.0000,1.00,1.00,1.00,0.00
c7552.008.matrix,1,3512,1,1,0.0000,1.00,1.00,1.00,0.00
c7552.009.matrix,1,3512,1,1,0.0000,1.00,1.00,1.00,0.00
c7552.010.matrix,32,3512,32,588,0.5944,238.47,272.00,1.00,44.19
c7552.011.matrix,10,3512,10,201,0.7234,55.60,96.00,1.00,23.80
c7552.012.matrix,2,3512,2,3,0.5000,1.50,2.00,1.00,0.50
c7552.013.matrix,31,3512,31,463,0.6167,177.48,218.00,2.00,47.50
c7552.014.matrix,4,3512,4,55,0.6364,20.00,38.00,1.00,13.13
c7552.015.matrix,7,3512,7,296,0.7761,66.29,219.00,1.00,66.26
c7552.018.matrix,14,3512,14,390,0.8586,55.14,202.00,6.00,45.58
c7552.019.matrix,3,3512,3,68,0.6422,24.33,51.00,1.00,20.55
c7552.020.matrix,61,3512,61,1139,0.8169,208.51,386.00,2.00,51.11
c7552.021.matrix,5,3512,5,56,0.7107,16.20,38.00,1.00,13.99
c7552.022.matrix,4,3512,4,69,0.7319,18.50,51.00,1.00,20.46
c7552.023.matrix,35,3512,35,478,0.8335,79.60,202.00,6.00,50.10
c7552.024.matrix,17,3512,17,389,0.7877,82.59,262.00,1.00,69.85
c7552.025.matrix,11,3512,11,202,0.7493,50.64,96.00,1.00,27.59
c7552.028.matrix,4,3512,4,160,0.6359,58.25,98.00,1.00,35.46
c7552.029.matrix,45,3512,45,687,0.7293,185.96,245.00,1.00,69.73
c7552.030.matrix,17,3512,17,463,0.8531,68.00,219.00,1.00,50.42
c7552.031.matrix,14,3512,14,256,0.8225,45.43,96.00,1.00,26.69
c7552.032.matrix,37,3512,37,679,0.7634,160.68,245.00,1.00,83.73
c7552.033.matrix,11,3512,11,404,0.8562,58.09,234.00,1.00,60.72
c7552.034.matrix,12,3512,12,323,0.8625,44.42,199.00,1.00,49.57
c7552.035.matrix,34,3512,34,590,0.6195,224.50,272.00,1.00,70.43
c7552.038.matrix,62,3512,62,1140,0.8200,205.16,386.00,1.00,57.04
c7552.039.matrix,18,3512,18,390,0.7999,78.06,262.00,1.00,70.41
c7552.040.matrix,18,3512,18,464,0.8615,64.28,219.00,1.00,51.35
c7552.041.matrix,28,3512,28,599,0.8781,73.04,242.00,1.00,61.97
c7552.042.matrix,8,3512,8,388,0.8370,63.25,221.00,1.00,67.77
c7552.044.matrix,66,3512,66,925,0.8562,133.06,272.00,1.00,82.69
c7552.045.matrix,12,3512,12,405,0.8683,53.33,234.00,1.00,60.24
c7552.048.matrix,13,3512,13,324,0.8732,41.08,199.00,1.00,49.01
c7552.049.matrix,15,3512,15,258,0.8351,42.53,96.00,1.00,27.96
c7552.050.matrix,98,3512,98,930,0.8899,102.38,297.00,1.00,74.18
c7552.051.matrix,33,3512,33,635,0.8745,79.67,221.00,1.00,46.04
c7552.052.matrix,19,3512,19,545,0.8887,60.63,234.00,1.00,52.40
c7552.053.matrix,19,3512,19,465,0.8689,60.95,219.00,1.00,51.93
c7552.054.matrix,23,3512,23,640,0.7977,129.48,250.00,1.00,95.89
c7552.055.matrix,17,3512,17,303,0.8668,40.35,96.00,1.00,27.97
c7552.058.matrix,52,3512,52,1080,0.8269,186.94,386.00,1.00,73.51
c7552.059.matrix,29,3512,29,600,0.8824,70.55,242.00,1.00,62.29
c7552.061.matrix,53,3512,53,1081,0.8303,183.43,386.00,1.00,77.09
c7552.062.matrix,22,3512,22,377,0.9046,35.95,199.00,1.00,39.70
c7552.063.matrix,34,3512,34,636,0.8784,77.35,221.00,1.00,47.26
c7552.064.matrix,44,3512,44,819,0.7793,180.75,275.00,1.00,101.54
c7552.065.matrix,30,3512,30,601,0.8865,68.23,242.00,1.00,62.51
c7552.068.matrix,42,3512,42,986,0.8677,130.43,376.00,1.00,82.77
c7552.069.matrix,28,3512,28,489,0.8997,49.04,198.00,1.00,36.75
c7552.070.matrix,22,3512,22,396,0.8834,46.18,245.00,1.00,52.34
c7552.071.matrix,26,3512,26,731,0.9259,54.15,237.00,1.00,53.40
c7552.072.matrix,35,3512,35,637,0.8820,75.17,221.00,1.00,48.29
c7552.073.matrix,17,3512,17,618,0.9039,59.41,228.00,1.00,63.12
c7552.074.matrix,23,3512,23,632,0.9145,54.04,234.00,1.00,50.42
c7552.075.matrix,30,3512,30,494,0.9070,45.97,198.00,1.00,37.32
c7552.078.matrix,54,3512,54,1082,0.8336,180.06,386.00,1.00,80.23
c7552.079.matrix,43,3512,43,987,0.8709,127.42,376.00,1.00,84.10
c7552.080.matrix,24,3512,24,581,0.8908,63.46,221.00,1.00,50.29
c7552.081.matrix,31,3512,31,891,0.8853,102.19,263.00,1.00,94.97
c7552.083.matrix,20,3512,20,591,0.9192,47.75,217.00,1.00,59.21
c7552.084.matrix,25,3512,25,679,0.9231,52.24,234.00,1.00,49.45
c7552.085.matrix,127,3512,127,920,0.8869,104.02,359.00,1.00,70.27
c7552.088.matrix,24,3512,24,400,0.8935,42.58,245.00,1.00,51.52
c7552.089.matrix,25,3512,25,853,0.9188,69.24,343.00,1.00,74.69
c7552.090.matrix,21,3512,21,592,0.9231,45.52,217.00,1.00,58.64
c7552.092.matrix,50,3512,50,827,0.8748,103.52,249.00,1.00,84.06
c7552.093.matrix,33,3512,33,653,0.8680,86.18,241.00,1.00,79.19
c7552.095.matrix,45,3512,45,989,0.8768,121.80,376.00,1.00,86.24
c7552.098.matrix,55,3512,55,1148,0.8575,163.60,386.00,1.00,91.10
c7552.099.matrix,31,3512,31,495,0.9101,44.52,198.00,1.00,37.56
c7552.100.matrix,26,3512,26,857,0.9275,62.15,343.00,1.00,75.64
c7552.101.matrix,23,3512,23,595,0.9299,41.74,217.00,1.00,57.35
c7552.102.matrix,32,3512,32,720,0.9321,48.88,228.00,1.00,48.74
c7552.103.matrix,56,3512,56,1149,0.8601,160.70,386.00,1.00,92.82
c7552.105.matrix,46,3512,46,990,0.8796,119.17,376.00,1.00,87.10
c7552.109.matrix,29,3512,29,735,0.9337,48.72,237.00,1.00,53.02
c7552.110.matrix,58,3512,58,777,0.9115,68.78,210.00,1.00,37.74
c7552.111.matrix,24,3512,24,596,0.9328,40.04,217.00,1.00,56.73
c7552.113.matrix,29,3512,29,882,0.9344,57.83,343.00,1.00,72.78
c7552.114.matrix,35,3512,35,655,0.8759,81.31,241.00,1.00,79.40
c7552.118.matrix,34,3512,34,898,0.8960,93.41,263.00,1.00,94.97
c7552.119.matrix,47,3512,47,991,0.8823,116.66,376.00,1.00,87.84
c7552.121.matrix,98,3512,98,1123,0.9099,101.19,385.00,1.00,74.72
c7552.122.matrix,56,3512,56,1062,0.9465,56.79,228.00,1.00,44.27
c7552.124.matrix,25,3512,25,597,0.9355,38.48,217.00,1.00,56.11
c7552.125.matrix,45,3512,45,830,0.9311,57.18,230.00,1.00,43.46
c7552.128.matrix,76,3512,76,1244,0.8829,145.71,246.00,1.00,92.34
c7552.129.matrix,35,3512,35,537,0.9201,42.89,198.00,1.00,36.32
c7552.130.matrix,69,3512,69,1066,0.8919,115.28,376.00,1.00,85.45
c7552.131.matrix,92,3512,92,1339,0.8814,158.86,281.00,1.00,95.91
c7552.132.matrix,57,3512,57,1063,0.9475,55.81,228.00,1.00,44.48
c7552.134.matrix,58,3512,58,1151,0.8652,155.19,386.00,1.00,95.75
c7552.135.matrix,48,3512,48,1007,0.9454,54.94,237.00,1.00,47.72
c7552.138.matrix,32,3512,32,940,0.9411,55.38,343.00,1.00,70.26
c7552.139.matrix,50,3512,50,1108,0.8874,124.74,393.00,1.00,110.09
c7552.140.matrix,50,3512,50,1011,0.9477,52.84,237.00,1.00,47.87
c7552.141.matrix,59,3512,59,1152,0.8676,152.58,386.00,1.00,97.00
c7552.142.matrix,142,3512,142,1391,0.9043,133.09,281.00,1.00,90.03
c7552.144.matrix,38,3512,38,520,0.9203,41.45,198.00,1.00,34.34
c7552.148.matrix,94,3512,94,1247,0.9011,123.30,265.00,1.00,85.20
c7552.149.matrix,63,3512,63,1132,0.8914,122.98,388.00,1.00,100.84
c7552.150.matrix,95,3512,95,1248,0.9022,122.01,265.00,1.00,85.67
c7552.151.matrix,184,3512,184,1130,0.9192,91.30,277.00,1.00,57.53
c7552.153.matrix,59,3512,59,1066,0.9494,53.97,228.00,1.00,44.81
c7552.154.matrix,143,3512,143,1392,0.9051,132.17,281.00,1.00,90.39
c7552.158.matrix,61,3512,61,899,0.9257,66.80,210.00,1.00,37.31
c7552.160.matrix,120,3512,120,1235,0.9151,104.80,284.00,1.00,76.26
c7552.161.matrix,121,3512,121,889,0.8875,100.00,272.00,1.00,79.09
c7552.162.matrix,33,3512,33,615,0.9301,42.97,254.00,1.00,62.70
c7552.163.matrix,67,3512,67,1141,0.8985,115.82,388.00,1.00,101.83
c7552.170.matrix,68,3512,68,1138,0.9556,50.49,228.00,1.00,43.23
c7552.171.matrix,60,3512,60,1173,0.8897,129.42,386.00,1.00,98.99
c7552.172.matrix,122,3512,122,1237,0.9151,105.02,284.00,1.00,77.12
c7552.173.matrix,106,3512,106,1362,0.9497,68.57,342.00,1.00,56.62
c7552.174.matrix,94,3512,94,1168,0.8882,130.53,287.00,1.00,101.40
c7552.175.matrix,62,3512,62,900,0.9270,65.74,210.00,1.00,37.93
c7552.178.matrix,103,3512,103,1470,0.9341,96.82,237.00,1.00,76.77
c7552.179.matrix,113,3512,113,1170,0.9400,70.16,262.00,1.00,41.40
c7552.180.matrix,69,3512,69,1139,0.9563,49.77,228.00,1.00,43.33
c7552.181.matrix,87,3512,87,1290,0.9135,111.62,279.00,1.00,92.23
c7552.182.matrix,123,3512,123,1238,0.9159,104.17,284.00,1.00,77.37
c7552.184.matrix,53,3512,53,1053,0.9462,56.60,217.00,1.00,53.37
c7552.188.matrix,61,3512,61,1174,0.8916,127.31,386.00,1.00,99.52
c7552.189.matrix,93,3512,93,845,0.9396,51.03,197.00,1.00,28.42
c7552.190.matrix,103,3512,103,875,0.9208,69.33,161.00,1.00,33.40
c7552.191.matrix,88,3512,88,874,0.9441,48.85,228.00,1.00,30.44
c7552.195.matrix,94,3512,94,846,0.9403,50.50,197.00,1.00,28.73
c7552.199.matrix,64,3512,64,1260,0.9086,115.19,291.00,1.00,95.84
c7552.204.matrix,111,3512,111,1298,0.9467,69.21,262.00,1.00,42.05
c7552.208.matrix,74,3512,74,1309,0.9536,60.78,238.00,1.00,50.23
c7552.209.matrix,42,3512,42,531,0.9179,43.62,253.00,1.00,53.34
c7552.212.matrix,43,3512,43,532,0.9199,42.63,253.00,1.00,53.11
c7552.214.matrix,82,3512,82,1234,0.9588,50.79,230.00,1.00,39.17
c7552.218.matrix,64,3512,64,1083,0.9168,90.16,213.00,1.00,80.94
c7552.219.matrix,99,3512,99,1463,0.9549,66.04,262.00,1.00,48.27
c7552.220.matrix,72,3512,72,1156,0.9236,88.26,213.00,1.00,77.07
c7552.221.matrix,93,3512,93,710,0.9271,51.75,99.00,1.00,26.42
c7552.224.matrix,89,3512,89,1292,0.9155,109.13,279.00,1.00,92.65
c7552.225.matrix,47,3512,47,524,0.9307,36.32,217.00,1.00,40.60
c7552.228.matrix,106,3512,106,1290,0.9341,84.99,264.00,1.00,62.91
c7552.229.matrix,104,3512,104,878,0.9218,68.68,161.00,1.00,33.89
c7552.231.matrix,94,3512,94,711,0.9280,51.21,99.00,1.00,26.79
c7552.232.matrix,78,3512,78,1209,0.9553,54.00,230.00,1.00,42.36
c7552.235.matrix,100,3512,100,1465,0.9554,65.40,262.00,1.00,48.45
c7552.239.matrix,50,3512,50,532,0.9293,37.62,217.00,1.00,40.29
c7552.241.matrix,107,3512,107,1271,0.9481,65.92,349.00,1.00,43.20
c7552.242.matrix,122,3512,122,1025,0.9421,59.39,246.00,1.00,32.94
c7552.248.matrix,87,3512,87,772,0.9228,59.62,204.00,1.00,34.18
c7552.251.matrix,75,3512,75,1161,0.9269,84.81,213.00,1.00,77.38
c7552.252.matrix,123,3512,123,1380,0.9430,78.64,272.00,1.00,59.39
c7552.254.matrix,80,3512,80,1182,0.9488,60.49,221.00,1.00,44.32
c7552.255.matrix,82,3512,82,1216,0.9577,51.48,230.00,1.00,42.79
c7552.258.matrix,107,3512,107,901,0.9257,66.98,161.00,1.00,34.91
c7552.260.matrix,141,3512,141,1105,0.8838,128.35,461.00,1.00,113.20
c7552.262.matrix,108,3512,108,902,0.9264,66.37,161.00,1.00,35.32
c7552.265.matrix,102,3512,102,1467,0.9563,64.14,262.00,1.00,48.80
c7552.275.matrix,127,3512,127,870,0.9315,59.57,186.00,1.00,32.66
c7552.278.matrix,109,3512,109,904,0.9272,65.78,161.00,1.00,35.68
c7552.279.matrix,118,3512,118,875,0.9328,58.81,225.00,1.00,36.08
c7552.281.matrix,113,3512,113,981,0.9333,65.42,162.00,1.00,37.66
c7552.282.matrix,108,3512,108,1239,0.9441,69.29,264.00,1.00,53.07
c7552.284.matrix,117,3512,117,979,0.9440,54.80,193.00,1.00,29.53
c7552.285.matrix,78,3512,78,912,0.9419,52.99,155.00,1.00,35.66
c7552.288.matrix,110,3512,110,1242,0.9452,68.06,264.00,1.00,53.35
c7552.289.matrix,88,3512,88,1211,0.9539,55.86,213.00,1.00,44.13
c7552.299.matrix,101,3512,101,1335,0.9538,61.65,230.00,1.00,39.11
c7552.305.matrix,102,3512,102,1336,0.9543,61.06,230.00,1.00,39.38
c7552.309.matrix,165,3512,165,842,0.9233,64.58,135.00,1.00,35.21
c7552.310.matrix,116,3512,116,941,0.9419,54.66,217.00,1.00,35.74
c7552.311.matrix,106,3512,106,1129,0.9541,51.88,213.00,1.00,36.82
c7552.325.matrix,105,3512,105,1153,0.9566,50.04,230.00,1.00,33.01
c880.000.matrix,1,384,1,3,0.0000,3.00,3.00,3.00,0.00
c880.001.matrix,6,384,6,70,0.3524,45.33,52.00,41.00,4.57
c880.002.matrix,3,384,3,22,0.3485,14.33,17.00,11.00,2.49
c880.003.matrix,1,384,1,2,0.0000,2.00,2.00,2.00,0.00
c880.004.matrix,2,384,2,5,0.2000,4.00,4.00,4.00,0.00
c880.005.matrix,1,384,1,3,0.0000,3.00,3.00,3.00,0.00
c880.008.matrix,2,384,2,28,0.4286,16.00,26.00,6.00,10.00
c880.009.matrix,2,384,2,27,0.4259,15.50,25.00,6.00,9.50
c880.010.matrix,7,384,7,76,0.4511,41.71,52.00,2.00,16.37
c880.011.matrix,5,384,5,28,0.6286,10.40,17.00,4.00,5.20
c880.012.matrix,3,384,3,54,0.6420,19.33,26.00,6.00,9.43
c880.013.matrix,3,384,3,30,0.6222,11.33,25.00,3.00,9.74
c880.014.matrix,3,384,3,34,0.4608,18.33,23.00,9.00,6.60
c880.015.matrix,2,384,2,32,0.5000,16.00,29.00,3.00,13.00
c880.018.matrix,7,384,7,72,0.4563,39.14,52.00,2.00,15.74
c880.019.matrix,4,384,4,41,0.6098,16.00,28.00,3.00,9.03
c880.020.matrix,10,384,10,115,0.7043,34.00,52.00,2.00,16.18
c880.021.matrix,4,384,4,36,0.7222,10.00,25.00,3.00,8.75
c880.022.matrix,4,384,4,11,0.6818,3.50,4.00,3.00,0.50
c880.023.matrix,12,384,12,152,0.6628,51.25,80.00,3.00,26.35
c880.024.matrix,5,384,5,33,0.6485,11.60,24.00,3.00,10.13
c880.025.matrix,8,384,8,44,0.7500,11.00,17.00,4.00,4.39
c880.028.matrix,3,384,3,36,0.6667,12.00,29.00,3.00,12.03
c880.029.matrix,6,384,6,62,0.7231,17.17,23.00,9.00,5.61
c880.030.matrix,4,384,4,40,0.7500,10.00,29.00,3.00,10.98
c880.031.matrix,5,384,5,13,0.7538,3.20,4.00,2.00,0.75
c880.032.matrix,13,384,13,155,0.6933,47.54,80.00,3.00,28.40
c880.033.matrix,10,384,10,98,0.6653,32.80,52.00,2.00,19.78
c880.034.matrix,11,384,11,118,0.7357,31.18,52.00,2.00,17.82
c880.035.matrix,5,384,5,38,0.7789,8.40,25.00,2.00,8.45
c880.038.matrix,7,384,7,35,0.7306,9.43,24.00,3.00,9.24
c880.039.matrix,10,384,10,61,0.8230,10.80,17.00,4.00,4.77
c880.040.matrix,6,384,6,40,0.8167,7.33,25.00,2.00,8.08
c880.041.matrix,14,384,14,158,0.7193,44.36,80.00,3.00,29.67
c880.042.matrix,8,384,8,68,0.7996,13.63,23.00,3.00,7.83
c880.043.matrix,8,384,8,37,0.7703,8.50,24.00,2.00,8.99
c880.044.matrix,6,384,6,45,0.8222,8.00,29.00,3.00,9.40
c880.045.matrix,6,384,6,66,0.8232,11.67,26.00,3.00,10.21
c880.048.matrix,11,384,11,101,0.7021,30.09,52.00,2.00,20.71
c880.049.matrix,6,384,6,16,0.8021,3.17,4.00,2.00,0.69
c880.050.matrix,13,384,13,147,0.8053,28.62,52.00,2.00,18.03
c880.051.matrix,7,384,7,47,0.8480,7.14,29.00,2.00,8.95
c880.052.matrix,9,384,9,72,0.8256,12.56,23.00,3.00,7.97
c880.053.matrix,9,384,9,41,0.8049,8.00,24.00,2.00,8.59
c880.054.matrix,11,384,11,104,0.8767,12.82,34.00,3.00,9.52
c880.055.matrix,7,384,7,18,0.8333,3.00,4.00,2.00,0.76
c880.058.matrix,14,384,14,135,0.7937,27.86,52.00,2.00,19.78
c880.059.matrix,7,384,7,43,0.8439,6.71,25.00,2.00,7.63
c880.060.matrix,14,384,14,151,0.8221,26.86,52.00,2.00,18.50
c880.061.matrix,11,384,11,55,0.8231,9.73,29.00,2.00,9.41
c880.062.matrix,9,384,9,106,0.8742,13.33,53.00,2.00,16.38
c880.063.matrix,17,384,17,166,0.7916,34.59,79.00,3.00,30.05
c880.064.matrix,12,384,12,106,0.8876,11.92,34.00,2.00,9.60
c880.065.matrix,10,384,10,43,0.8279,7.40,24.00,2.00,8.35
c880.068.matrix,18,384,18,158,0.8404,25.22,52.00,2.00,17.61
c880.069.matrix,16,384,16,91,0.8709,11.75,36.00,3.00,7.88
c880.070.matrix,18,384,18,169,0.8057,32.83,79.00,3.00,30.08
c880.071.matrix,12,384,12,95,0.8658,12.75,73.00,2.00,19.70
c880.072.matrix,13,384,13,85,0.8932,9.08,26.00,2.00,6.92
c880.073.matrix,12,384,12,84,0.8651,11.33,29.00,2.00,10.47
c880.074.matrix,19,384,19,160,0.8500,24.00,52.00,2.00,17.91
c880.075.matrix,17,384,17,93,0.8798,11.18,36.00,2.00,7.98
c880.078.matrix,17,384,17,174,0.7961,35.47,91.00,2.00,28.29
c880.079.matrix,12,384,12,124,0.8824,14.58,29.00,3.00,8.59
c880.080.matrix,19,384,19,178,0.8193,32.16,91.00,2.00,28.45
c880.081.matrix,14,384,14,88,0.9018,8.64,26.00,2.00,6.85
c880.082.matrix,17,384,17,106,0.9007,10.53,36.00,2.00,7.93
c880.083.matrix,13,384,13,100,0.8831,11.69,29.00,2.00,10.13
c880.084.matrix,22,384,22,164,0.8703,21.27,52.00,2.00,18.01
c880.085.matrix,13,384,13,127,0.8922,13.69,29.00,3.00,8.81
c880.088.matrix,13,384,13,166,0.8670,22.08,46.00,2.00,16.85
c880.089.matrix,13,384,13,55,0.8755,6.85,24.00,2.00,7.40
c880.090.matrix,20,384,20,155,0.9074,14.35,48.00,2.00,14.21
c880.091.matrix,18,384,18,110,0.9076,10.17,36.00,2.00,7.85
c880.092.matrix,17,384,17,145,0.8848,16.71,58.00,2.00,17.40
c880.093.matrix,21,384,21,183,0.8392,29.43,91.00,2.00,28.34
c880.094.matrix,16,384,16,96,0.9134,8.31,26.00,2.00,6.47
c880.095.matrix,12,384,12,63,0.9061,5.92,25.00,2.00,6.20
c880.098.matrix,13,384,13,155,0.8675,20.54,46.00,2.00,17.59
c880.099.matrix,17,384,17,102,0.8662,13.65,45.00,2.00,14.23
c880.100.matrix,14,384,14,102,0.9027,9.93,29.00,2.00,8.74
c880.101.matrix,20,384,20,152,0.9102,13.65,48.00,2.00,14.41
c880.102.matrix,20,384,20,109,0.9188,8.85,26.00,2.00,6.33
c880.103.matrix,15,384,15,133,0.9078,12.27,29.00,3.00,8.97
c880.104.matrix,18,384,18,172,0.8995,17.28,58.00,2.00,17.07
c880.105.matrix,22,384,22,111,0.9111,9.86,18.00,2.00,5.04
c880.108.matrix,13,384,13,66,0.9138,5.69,25.00,2.00,6.00
c880.109.matrix,12,384,12,136,0.8811,16.17,46.00,2.00,16.93
c880.110.matrix,15,384,15,116,0.9121,10.20,29.00,2.00,8.50
c880.111.matrix,23,384,23,187,0.8554,27.04,91.00,2.00,28.16
c880.112.matrix,14,384,14,91,0.9223,7.07,25.00,2.00,7.63
c880.113.matrix,16,384,16,128,0.9185,10.44,45.00,2.00,12.62
c880.114.matrix,16,384,16,135,0.9139,11.63,29.00,2.00,9.03
c880.115.matrix,21,384,21,154,0.9150,13.10,48.00,2.00,14.28
c880.118.matrix,21,384,21,137,0.9287,9.76,28.00,2.00,7.40
c880.119.matrix,13,384,13,138,0.8907,15.08,46.00,2.00,16.70
c880.120.matrix,24,384,24,116,0.9203,9.25,18.00,2.00,5.24
c880.121.matrix,22,384,22,140,0.9325,9.45,28.00,2.00,7.37
c880.122.matrix,15,384,15,97,0.9278,7.00,25.00,2.00,7.38
c880.123.matrix,18,384,18,186,0.8880,20.83,76.00,2.00,24.49
c880.124.matrix,15,384,15,181,0.9072,16.80,46.00,2.00,17.06
c880.125.matrix,17,384,17,124,0.9227,9.59,33.00,2.00,10.45
c880.128.matrix,23,384,23,158,0.9221,12.30,48.00,2.00,13.88
c880.129.matrix,24,384,24,217,0.8748,27.17,91.00,2.00,27.57
c880.130.matrix,21,384,21,175,0.9184,14.29,37.00,2.00,13.03
c880.131.matrix,24,384,24,142,0.9308,9.83,29.00,2.00,6.48
c880.132.matrix,18,384,18,128,0.9275,9.28,33.00,2.00,10.24
c880.133.matrix,27,384,27,193,0.8845,22.30,73.00,2.00,21.20
c880.134.matrix,18,384,18,101,0.9356,6.50,25.00,2.00,6.83
c880.135.matrix,20,384,20,144,0.9201,11.50,29.00,2.00,8.22
c880.138.matrix,18,384,18,158,0.9262,11.67,29.00,2.00,9.02
c880.139.matrix,20,384,20,231,0.9266,16.95,59.00,2.00,19.43
c880.140.matrix,20,384,20,192,0.8922,20.70,77.00,2.00,24.76
c880.141.matrix,27,384,27,180,0.9265,13.22,49.00,2.00,12.90
c880.142.matrix,22,384,22,177,0.9224,13.73,37.00,2.00,12.99
c880.143.matrix,19,384,19,184,0.9325,12.42,29.00,2.00,9.35
c880.144.matrix,28,384,28,222,0.8985,22.54,73.00,2.00,20.86
c880.145.matrix,20,384,20,106,0.9410,6.25,25.00,2.00,6.53
c880.148.matrix,19,384,19,130,0.9316,8.89,33.00,2.00,10.09
c880.149.matrix,21,384,21,233,0.9303,16.24,59.00,2.00,19.23
c880.150.matrix,24,384,24,179,0.9278,12.92,37.00,2.00,12.72
c880.151.matrix,23,384,23,202,0.9270,14.74,49.00,2.00,11.55
c880.152.matrix,20,384,20,133,0.9353,8.60,33.00,2.00,9.92
c880.153.matrix,27,384,27,172,0.9419,10.00,29.00,2.00,7.03
c880.154.matrix,28,384,28,182,0.9296,12.82,49.00,2.00,12.84
c880.155.matrix,22,384,22,236,0.9337,15.64,59.00,2.00,18.98
c880.158.matrix,21,384,21,171,0.9295,12.05,29.00,2.00,8.62
c880.159.matrix,21,384,21,194,0.8979,19.81,77.00,2.00,24.49
c880.160.matrix,24,384,24,204,0.9304,14.21,49.00,2.00,11.59
c880.161.matrix,22,384,22,197,0.9031,19.09,77.00,2.00,24.15
c880.162.matrix,24,384,24,130,0.9471,6.88,25.00,2.00,6.19
c880.163.matrix,22,384,22,184,0.9343,12.09,29.00,2.00,8.43
c880.164.matrix,23,384,23,239,0.9369,15.09,59.00,2.00,18.75
c880.165.matrix,30,384,30,196,0.9349,12.77,49.00,2.00,12.50
c880.168.matrix,30,384,30,227,0.9066,21.20,73.00,2.00,20.76
c880.169.matrix,30,384,30,193,0.9468,10.27,29.00,2.00,6.79
c880.170.matrix,23,384,23,199,0.9078,18.35,77.00,2.00,23.87
c880.171.matrix,28,384,28,229,0.9279,16.50,49.00,2.00,12.42
c880.172.matrix,31,384,31,199,0.9491,10.13,29.00,2.00,6.72
c880.173.matrix,26,384,26,185,0.9343,12.15,37.00,2.00,12.51
c880.174.matrix,22,384,22,142,0.9421,8.23,33.00,2.00,9.54
c880.175.matrix,26,384,26,134,0.9503,6.65,25.00,2.00,6.00
c880.178.matrix,31,384,31,229,0.9101,20.58,73.00,2.00,20.70
c880.179.matrix,28,384,28,238,0.9470,12.61,48.00,2.00,12.43
c880.180.matrix,35,384,35,233,0.9422,13.46,50.00,2.00,10.81
c880.181.matrix,29,384,29,241,0.9491,12.28,48.00,2.00,12.33
c880.182.matrix,25,384,25,244,0.9423,14.08,59.00,2.00,18.30
c880.183.matrix,27,384,27,188,0.9372,11.81,37.00,2.00,12.39
c880.184.matrix,25,384,25,199,0.9423,11.48,29.00,2.00,8.30
c880.185.matrix,32,384,32,232,0.9137,20.03,73.00,2.00,20.61
c880.188.matrix,24,384,24,146,0.9461,7.88,33.00,2.00,9.21
c880.189.matrix,32,384,32,201,0.9509,9.88,29.00,2.00,6.77
c880.190.matrix,30,384,30,245,0.9510,12.00,48.00,2.00,12.22
c880.191.matrix,32,384,32,158,0.9557,7.00,25.00,2.00,5.20
c880.192.matrix,36,384,36,236,0.9442,13.17,50.00,2.00,10.79
c880.193.matrix,33,384,33,258,0.9217,20.21,73.00,2.00,20.32
c880.194.matrix,26,384,26,202,0.9448,11.15,29.00,2.00,8.30
c880.195.matrix,35,384,35,205,0.9543,9.37,29.00,2.00,6.68
c880.198.matrix,29,384,29,192,0.9413,11.28,37.00,2.00,12.12
c880.199.matrix,31,384,31,236,0.9349,15.35,49.00,2.00,12.33
c880.200.matrix,33,384,33,161,0.9573,6.88,25.00,2.00,5.17
c880.201.matrix,26,384,26,178,0.9522,8.50,33.00,2.00,9.26
c880.202.matrix,29,384,29,206,0.9494,10.41,29.00,2.00,8.16
c880.203.matrix,29,384,29,199,0.9534,9.28,33.00,2.00,9.78
c880.204.matrix,37,384,37,272,0.9458,14.73,48.00,2.00,13.91
c880.205.matrix,33,384,33,249,0.9348,16.24,49.00,2.00,13.30
c880.208.matrix,34,384,34,261,0.9245,19.71,73.00,2.00,20.23
c880.209.matrix,36,384,36,208,0.9558,9.19,29.00,2.00,6.67
c880.210.matrix,33,384,33,288,0.9378,17.91,59.00,2.00,18.43
c880.211.matrix,37,384,37,210,0.9571,9.00,29.00,2.00,6.68
c880.212.matrix,27,384,27,184,0.9543,8.41,33.00,2.00,9.10
c880.213.matrix,30,384,30,210,0.9514,10.20,29.00,2.00,8.11
c880.214.matrix,35,384,35,272,0.9324,18.40,73.00,2.00,19.55
c880.215.matrix,39,384,39,242,0.9487,12.41,50.00,2.00,10.70
c880.218.matrix,38,384,38,274,0.9475,14.39,48.00,2.00,13.88
c880.219.matrix,31,384,31,203,0.9560,8.94,33.00,2.00,9.54
c880.220.matrix,34,384,34,227,0.9589,9.32,27.00,2.00,8.31
c880.221.matrix,40,384,40,244,0.9502,12.15,50.00,2.00,10.69
c880.222.matrix,33,384,33,214,0.9585,8.88,33.00,2.00,9.27
c880.223.matrix,28,384,28,190,0.9562,8.32,33.00,2.00,8.95
c880.224.matrix,39,384,39,236,0.9584,9.82,29.00,2.00,7.40
c880.225.matrix,42,384,42,302,0.9267,22.14,73.00,2.00,21.75
c880.228.matrix,39,384,39,277,0.9491,14.10,48.00,2.00,13.82
c880.229.matrix,37,384,37,201,0.9572,8.59,28.00,2.00,7.02
c880.230.matrix,42,384,42,246,0.9522,11.76,50.00,2.00,10.58
c880.231.matrix,38,384,38,226,0.9601,9.03,28.00,2.00,7.41
c880.232.matrix,40,384,40,265,0.9391,16.15,49.00,2.00,13.34
c880.233.matrix,40,384,40,239,0.9596,9.65,29.00,2.00,7.39
c880.234.matrix,36,384,36,238,0.9611,9.25,27.00,2.00,8.09
c880.235.matrix,45,384,45,300,0.9383,18.51,57.00,2.00,16.87
c880.238.matrix,31,384,31,216,0.9540,9.94,29.00,2.00,8.10
c880.239.matrix,34,384,34,217,0.9599,8.71,33.00,2.00,9.18
c880.240.matrix,36,384,36,260,0.9582,10.86,47.00,2.00,11.05
c880.241.matrix,47,384,47,304,0.9411,17.89,57.00,2.00,16.77
c880.242.matrix,43,384,43,249,0.9536,11.56,50.00,2.00,10.54
c880.243.matrix,43,384,43,269,0.9432,15.28,49.00,2.00,13.25
c880.244.matrix,36,384,36,227,0.9610,8.86,33.00,2.00,8.97
c880.245.matrix,36,384,36,239,0.9606,9.42,44.00,2.00,9.46
mybenchmark.matrix,20,20,20,20,0.9500,1.00,1.00,1.00,0.00
